codigo_negocio,entidad,nombre,subtipo,aum,inversionistas,n_clases,rent_anual_med,clase_principal,valor_unidad_operaciones,cat_nombre,aum_bn_cop
2852,Fiduciaria Bancolombia S.A. Sociedad Fiduciaria,FONDO DE INVERSIÓN COLECTIVA ABIERTO FIDUCUENTA,FIC DE TIPO GENERAL,26135466993985.85,849468,1,8.854235,800,48176.723255,RF_CORTO,26135.5
10936,Alianza Fiduciaria S.A.,FONDO ABIERTO ALIANZA,FIC DE TIPO GENERAL,10291611362197.61,101938,13,9.344924,504,222132.930156,SIN_CLASIFICAR,10291.6
60678,Citivalores,FONDO BURSÁTIL ISHARES  MSCI COLCAP,FIC BURSATILES,10261266164217.52,22890,1,37.914516,800,25507.783642,RV_LOCAL,10261.3
10026,"Fiduciaria Davivienda S.A. Pudiendo Utilizar La Sigla ""Fidudavivienda S.A.""",FONDO DE INVERSION COLECTIVA SUPERIOR,FIC DE TIPO GENERAL,9012899037704.49,122012,7,8.588683,505,12421.152366,SIN_CLASIFICAR,9012.9
58756,Credicorp Capital,CREDICORP CAPITAL ALTA LIQUIDEZ,FIC DE TIPO GENERAL,7786952386733.641,9468,8,8.7557825,801,15521.339273,RF_CORTO,7787.0
11407,Fiduciaria La Previsora S.A.  Sigla Fiduprevisora S.A.,CARTERA COLECTIVA ABIERTA DE ALTA LIQUIDEZ,FIC DE MERCADO MONETARIO,7471844547213.42,678,5,9.433381,518,26222.972064,RF_CORTO,7471.8
59304,Valores Bancolombia S.A. Comisionista De Bolsa,FONDO DE INVERSION COLECTIVA ABIERTO RENTA LIQUIDEZ,FIC DE TIPO GENERAL,6697298112440.97,39449,7,8.821685,803,23262.181526,RF_CORTO,6697.3
129120,Fiduaval,FONDO DE INVERSION COLECTIVA ABIERTO SUMAR,FIC DE TIPO GENERAL,6695021844757.86,158750,11,8.311677,506,41585.761459,RF_CORTO,6695.0
8734,Bbva Asset Management S.A. Sociedad Fiduciaria,FONDO DE INVERSIÓN COLECTIVA ABIERTO BBVA EFECTIVO CON PARTICIPACIONES DIFERENCIALES,FIC DE TIPO GENERAL,6358450280463.34,26154,10,9.1446095,704,4240.676236,RF_CORTO,6358.5
128979,Fiduaval,FONDO DE INVERSION COLECTIVA ABIERTO FIDUGOB,FIC DE TIPO GENERAL,5941108925100.65,14268,9,8.532245,518,25178.843637,RF_LARGO,5941.1
10824,Alianza Fiduciaria S.A.,FONDO ABIERTO CON PACTO DE PERMANENCIA CXC,FIC DE TIPO GENERAL,5790144153022.59,26750,7,9.927824,504,27621.900747,RF_LARGO,5790.1
128956,Fiduaval,FONDO DE INVERSIÓN COLECTIVA ABIERTO SIN PACTO DE PERMANENCIA OCCITESOROS,FIC DE TIPO GENERAL,4995930846953.66,382,10,8.29903,503,3741.187791,RF_CORTO,4995.9
58347,Corredores Davivienda S.A.Comisionista De Bolsa,FIC INTERÉS,FIC DE TIPO GENERAL,4444032432490.72,24492,8,8.593322,504,11755.831784,RF_CORTO,4444.0
128953,Fiduaval,FONDO DE INVERSIÓN COLECTIVA ABIERTO SIN PACTO DE PERMANENCIA OCCIRENTA,FIC DE TIPO GENERAL,3922804051043.95,28061,14,8.349421,504,13063.012459,RF_CORTO,3922.8
95589,Larrain Vial Colombia S.A.  Comisionista De Bolsa,FONDO DE INVERSION COLECTIVA CERRADO ASHMORE ACCIONES COLOMBIA + LATAM,FIC DE TIPO GENERAL,3267904824057.87,27,6,43.135802,806,30025.744037,RV_INTL,3267.9
129433,Fiduaval,FONDO BURSÁTIL GLOBAL X COLOMBIA SELECT DE S&P,FIC BURSATILES,3222831497494.57,3126,1,40.720411,800,29176.457519,RV_LOCAL,3222.8
11962,Bbva Asset Management S.A. Sociedad Fiduciaria,FONDO DE INVERSIÓN COLECTIVA ABIERTO BBVA PAÍS CON PARTICIPACIONES DIFERENCIALES,FIC DE TIPO GENERAL,3044467831702.7803,2770,4,8.7387425,702,25033.515272,RF_CORTO,3044.5
18462,Alianza Fiduciaria S.A.,FONDO CASH CONSERVADOR ALIANZA 1525,FIC DE TIPO GENERAL,2770028453205.43,2854,15,8.587005,519,15631.472377,MIXTO,2770.0
10779,"""Caja Social""",RENTAFACIL FONDO DE INVERSION COLECTIVA ABIERTO,FIC DE TIPO GENERAL,2371551452323.75,168094,7,8.72781,508,58794.423788,RF_CORTO,2371.6
53954,Fiduaval,F.I.C. VALOR PLUS I,FIC DE TIPO GENERAL,2364690586052.39,4358,12,8.1167765,412,63767.585674,SIN_CLASIFICAR,2364.7
59501,Credicorp Capital,INMOVAL FONDO INMOBILIARIO,FIC INMOBILIARIAS,2274150736724.6094,1740,1,10.425119,800,40554.392436,SIN_CLASIFICAR,2274.2
11149,Fiducoldex,FONDO DE INVERSIÓN COLECTIVA FIDUCOLDEX,FIC DE TIPO GENERAL,2203051808950.1,589,11,8.511193,703,28645.994016,SIN_CLASIFICAR,2203.1
3895,Fiduciaria Bancolombia S.A. Sociedad Fiduciaria,FONDO DE INVERSIÓN COLECTIVA ABIERTA SIN PACTO DE PERMANENCIA FIDUEXCEDENTES,FIC DE TIPO GENERAL,2201523452918.87,9290,1,8.812605,800,25540.43388,RF_CORTO,2201.5
51953,Skandia Fiduciaria S.A.,FONDO DE INVERSIÓN COLECTIVA SKANDIA EFECTIVO,FIC DE TIPO GENERAL,1620669554046.9893,10797,8,9.5087115,401,4625.912029,RF_CORTO,1620.7
119133,Itaú Comisionista De Bolsa,FONDO DE INVERSION COLECTIVA ABIERTO ITAU MONEY MARKET,FIC DE TIPO GENERAL,1586109962313.48,15280,6,9.027555,508,3861.522878,SIN_CLASIFICAR,1586.1
13174,Fiduaval,F.I.C. A. MERCADO MONETARIO CONFIANZA PLUS,FIC DE MERCADO MONETARIO,1575229425029.17,201,6,8.329070999999999,575,12007.514923,RF_CORTO,1575.2
69537,Fiduagraria S.A.,FONDO DE INVERSION COLECTIVA ABIERTO FIC 600,FIC DE TIPO GENERAL,1567830284077.1301,1087,13,8.427903,712,20320.729198,SIN_CLASIFICAR,1567.8
103927,Fiduaval,F.I.C. A. LIQUIDEZ 1525 PLUS,FIC DE MERCADO MONETARIO,1528176676425.4702,155,3,9.113808,570,12057.237383,RF_CORTO,1528.2
8742,Bbva Asset Management S.A. Sociedad Fiduciaria,FIC ABIERTO BBVA FAM CON PARTICIPACIONES DIFERENCIALES,FIC DE TIPO GENERAL,1489372670360.24,34184,7,8.695823,501,3860.319309,SIN_CLASIFICAR,1489.4
128989,Fiduaval,FONDO DE INVERSIÓN COLECTIVA ABIERTO FIDULIQUIDEZ,FIC DE TIPO GENERAL,1444781921797.83,1271,6,8.5182745,526,15107.28572,RF_CORTO,1444.8
87342,Bbva Asset Management S.A. Sociedad Fiduciaria,FONDO DE INVERSIÓN COLECTIVA ABIERTO BBVA DIGITAL CON PARTICIPACIONES DIFERENCIALES,FIC DE TIPO GENERAL,1403948547017.97,49466,2,9.545084500000002,501,17162.403365,RF_CORTO,1403.9
29133,Credicorp Capital Fiduciaria S.A.,FONDO DE INVERSIÓN COLECTIVA ABIERTO FIDUCREDICORP VISTA,FIC DE TIPO GENERAL,1360256541371.39,13551,12,8.3788215,507,20782.591287,RF_CORTO,1360.3
11427,Fiduciaria La Previsora S.A.  Sigla Fiduprevisora S.A.,CARTERA COLECTIVA ABIERTA EFECTIVO A LA VISTA,FIC DE TIPO GENERAL,1341855928675.4822,988,6,8.541501,506,3947.660421,RF_CORTO,1341.9
128628,Fiduagraria S.A.,FONDO DE INVERSIÓN COLECTIVA SINERGIA,FIC DE TIPO GENERAL,1322592879602.67,6,3,0.0,782,10648.547595,SIN_CLASIFICAR,1322.6
17653,Fiduciaria Davibank,FONDO DE INVERSION COLECTIVA ABIERTO 1525,FIC DE MERCADO MONETARIO,1307018808595.78,664,1,8.610379,801,23902.240881,RF_CORTO,1307.0
93197,Credicorp Capital,CREDICORP CAPITAL VISTA,FIC DE TIPO GENERAL,1231885584354.79,7830,6,8.6260625,514,10708.724692,RF_CORTO,1231.9
66082,Corredores Davivienda S.A.Comisionista De Bolsa,FONDO DE INVERSIÓN COLECTIVA INMOBILIARIO DE RENTA DAVIVIENDA CORREDORES,FIC INMOBILIARIAS,1174834513589.8,4132,1,6.116818,800,15269.508838,SIN_CLASIFICAR,1174.8
2971,Fiduciaria Bancolombia S.A. Sociedad Fiduciaria,FONDO DE INVERSION COLECTIVA ABIERTO CON PACTO DE PERMANENCIA FIDURENTA,FIC DE TIPO GENERAL,1115036028158.421,32544,5,9.320201,501,55724.294836,RF_LARGO,1115.0
32814,"Fiduciaria Davivienda S.A. Pudiendo Utilizar La Sigla ""Fidudavivienda S.A.""",FONDO DE INVERSION COLECTIVA CCA RENTALIQUIDA FIDUCAFE,FIC DE TIPO GENERAL,1034124663460.07,592,5,8.236431,501,23082.00431,SIN_CLASIFICAR,1034.1
10025,"Fiduciaria Davivienda S.A. Pudiendo Utilizar La Sigla ""Fidudavivienda S.A.""",FONDO DE INVERSION COLECTIVA CONSOLIDAR,FIC DE TIPO GENERAL,1033968295453.12,27723,1,8.018192,800,32980.102096,SIN_CLASIFICAR,1034.0
51968,Skandia Fiduciaria S.A.,FONDO DE INVERSIÓN COLECTIVA INMOBILIARIO CERRADO SKANDIA COMPRAR PARA ARRENDAR-I,FIC INMOBILIARIAS,734104991052.1404,1086,2,11.6016255,502,29485.201989,SIN_CLASIFICAR,734.1
3049,Fiduciaria Bancolombia S.A. Sociedad Fiduciaria,FONDO DE INVERSION COLECTIVA ABIERTO CON PACTO DE PERMANENCIA PLAN SEMILLA,FIC DE TIPO GENERAL,709084951250.7098,365467,1,9.325192,800,36127.586238,RF_LARGO,709.1
58695,Acciones Y Valores S.A.  Comisionistas De Bolsa,FONDO DE INVERSION COLECTIVA ACCIVAL VISTA,FIC DE TIPO GENERAL,671768490203.44,186384,2,8.463097999999999,800,10064.735118,RF_CORTO,671.8
53962,Fiduciaria Sura S.A.,FONDO DE INVERSION COLECTA ABIERTO CON PACTO DE PERMANENCIA SURA MULTIESTRATEGIA CREDITO COLOMBIA,FIC DE TIPO GENERAL,642093278312.21,2295,4,10.4234995,800,34442.21982,MIXTO,642.1
11014,Accion Sociedad Fiduciaria S.A.  Sigla Acción Fiduciaria,FONDO DE INVERSIÓN COLECTIVA ABIERTO SIN PACTO DE PERMANENCIA ACCION UNO,FIC DE TIPO GENERAL,598188043802.96,4556,1,6.867733,505,290520.874834,RV_LOCAL,598.2
10440,Servitrust Gnb Sudameris S.A.,FONDO DE INVERSION ABIERTO CASH,FIC DE TIPO GENERAL,554340532086.35,2591,1,8.424282,800,26829.67698,RF_CORTO,554.3
58134,Servitrust Gnb Sudameris S.A.,FONDO DE INVERSION COLECTIVA FONDO GNB ABIERTO,FIC DE TIPO GENERAL,522993074813.0,1527,9,8.474401,511,89878.887756,SIN_CLASIFICAR,523.0
58883,Credicorp Capital,CREDICORP CAPITAL DEUDA CORPORATIVA,FIC DE TIPO GENERAL,521357788751.32996,3508,3,8.816247,800,49538.387087,RF_LARGO,521.4
98186,Bbva Valores,FIC BBVA VALORES MONEY MARKET,FIC DE MERCADO MONETARIO,505832178632.01,1160,2,9.0237425,502,15848.569206,SIN_CLASIFICAR,505.8
85697,Fiduciaria Bancolombia S.A. Sociedad Fiduciaria,FONDO DE INVERSIÓN COLECTIVA INMOBILIARIO SURA AM RENTAS INMOBILIARIAS,FIC INMOBILIARIAS,478644302119.0499,2498,2,0.8641145,501,14081.946932,SIN_CLASIFICAR,478.6
125474,Fiduciaria Central S.A. Sigla Fiducentral S.A.,FONDO AXIOS,FIC DE TIPO GENERAL,445594749693.74,37,4,0.0,559,10921.788171,SIN_CLASIFICAR,445.6
124209,Fiducoldex,FIDUCOLDEX OBJETIVO FONDO DE INVERSIÓN COLECTIVA,FIC DE TIPO GENERAL,441210306394.16,4,4,8.817993000000001,524,11114.410153,SIN_CLASIFICAR,441.2
11627,Fiduciaria Davibank,FONDO DE INVERSION COLECTIVA ABIERTO RENDIR,FIC DE TIPO GENERAL,433156687494.5,3007,1,8.206126,802,58385.710201,SIN_CLASIFICAR,433.2
59105,Credicorp Capital,CREDICORP CAPITAL ACCIONES COLOMBIA,FIC DE TIPO GENERAL,426900011860.24,2325,4,50.232912999999996,800,43869.038699,RV_LOCAL,426.9
128988,Fiduaval,FONDO DE INVERSIÓN COLECTIVA ABIERTO RENTAR,FIC DE TIPO GENERAL,400033169683.51,2161,8,8.605787,534,14607.739941,SIN_CLASIFICAR,400.0
63301,Valores Bancolombia S.A. Comisionista De Bolsa,FONDO DE INVERSION COLECTIVA ABIERTO RENTA ALTA CONVICCION,FIC DE TIPO GENERAL,356182214491.31995,3650,3,23.378602,803,30306.388532,RF_LARGO,356.2
82379,Fiduciaria Coomeva S.A.,FIC ABIERTO CON PACTO DE PERMANENCIA AVANZAR 90 DIAS,FIC DE TIPO GENERAL,324401038711.17,2815,7,11.293662,511,19890.345489,RF_LARGO,324.4
120541,Alianza Fiduciaria S.A.,FONDO ALIANZA FACTORING 6 MESES,FIC DE TIPO GENERAL,316912648840.74,1593,7,10.721941,503,12185.931119,SIN_CLASIFICAR,316.9
59738,Valores Bancolombia S.A. Comisionista De Bolsa,FONDO DE INVERSION COLECTIVA ABIERTO RENTA VARIABLE COLOMBIA,FIC DE TIPO GENERAL,312188354265.39,3724,3,43.939108,803,31525.50073,SIN_CLASIFICAR,312.2
71197,Fiduciaria Coomeva S.A.,FONDO DE INVERSIÓN COLECTIVA ABIERTO FIC AVANZAR VISTA,FIC DE TIPO GENERAL,297571430360.74,2101,8,8.272167,536,14768.716003,RF_CORTO,297.6
119144,Itaú Comisionista De Bolsa,FONDO DE INVERSION COLECTIVA ABIERTO ITAU CORTO PLAZO,FIC DE TIPO GENERAL,297543455432.74,10397,6,8.748157,518,6957779.414071,RF_CORTO,297.5
36570,Fiduciaria Central S.A. Sigla Fiducentral S.A.,FONDO ABIERTO 1525 FIDUCENTRAL,FIC DE TIPO GENERAL,282380387023.77,168,7,8.564782,522,14736.991407,RF_CORTO,282.4
3078,Fiduciaria Bancolombia S.A. Sociedad Fiduciaria,FONDO DE INVERSIÓN COLECTIVA ABIERTO RENTA BALANCEADO,FIC DE TIPO GENERAL,276779272212.90027,5554,1,11.380942,800,24302.056164,MIXTO,276.8
11714,Fiduciaria Central S.A. Sigla Fiducentral S.A.,FONDO ABIERTO FIDUCIARIA CENTRAL,FIC DE TIPO GENERAL,273639816822.13998,3890,7,8.204774,536,260679.409648,SIN_CLASIFICAR,273.6
59076,Corredores Davivienda S.A.Comisionista De Bolsa,FIC RENTA FIJA MEDIANO PLAZO MULTIESCALA,FIC DE TIPO GENERAL,262489803652.37,1902,3,8.7499,501,37041.033388,RF_LARGO,262.5
121642,Progresion Scb,FONDO DE INVERSION COLECTIVA ABIERTO GLOBAL VISTA,FIC DE TIPO GENERAL,260757098547.36,26575,1,8.289552,101,28125.170184,INTL_OTRO,260.8
104377,Fiduciaria Bancolombia S.A. Sociedad Fiduciaria,FIC CERRADO RENTA ALTERNATIVO GLOBAL,FIC DE TIPO GENERAL,256496885697.61984,1620,2,9.7867265,501,12872.476801,INTL_OTRO,256.5
11403,Fiduciaria La Previsora S.A.  Sigla Fiduprevisora S.A.,CARTERA COLECTIVA ABIERTA CON PACTO DE PERMANENCIA EFECTIVO A PLAZOS - CARTERA CON COMPARTIMENTOS,FIC DE TIPO GENERAL,255639180202.0529,178,5,8.750089,516,15153.123761,RF_CORTO,255.6
3814,Fiduciaria Bancolombia S.A. Sociedad Fiduciaria,FONDO DE INVERSIÓN COLECTIVA ABIERTO RENTA FIJA PLAZO,FIC DE TIPO GENERAL,254102330173.16,6478,2,10.504987,501,43620.015726,RF_LARGO,254.1
65875,"Fiduciaria Davivienda S.A. Pudiendo Utilizar La Sigla ""Fidudavivienda S.A.""",FIC FONDO DE SEGURIDAD BOLIVAR,FIC DE TIPO GENERAL,240151038101.41,7062,1,34.44161,800,267247.839542,SIN_CLASIFICAR,240.2
132223,Fiduaval,FONDO DE INVERSIÓN COLECTIVA SIN PACTO DE PERMANENCIA INVERTIR+,FIC DE TIPO GENERAL,235741105016.83002,188,3,9.133648,503,11602.399774,RF_LARGO,235.7
53970,Fiduciaria Sura S.A.,FONDO DE INVERSION COLECTIVA CERRADO SURA CREDITO PRIVADO COLOMBIA,FIC DE TIPO GENERAL,232424796717.15,12,2,9.3009315,801,16486.495285,RF_LARGO,232.4
93229,Credicorp Capital,CREDICORP CAPITAL FACTORING,FIC DE TIPO GENERAL,214292536424.75998,1240,3,10.739083,800,37222.516916,SIN_CLASIFICAR,214.3
99740,Accion Sociedad Fiduciaria S.A.  Sigla Acción Fiduciaria,FONDO DE INVERSIÓN COLECTIVA ABIERTO SIN PACTO DE PERMANENCIA ACCION 1525,FIC DE TIPO GENERAL,197885045203.64,311,1,8.350312,504,15436.033518,RV_LOCAL,197.9
59740,Valores Bancolombia S.A. Comisionista De Bolsa,FONDO DE INVERSION COLECTIVA ABIERTO RENTA SOSTENIBLE GLOBAL,FIC DE TIPO GENERAL,173862521295.47,2984,3,-9.695351,803,29035.878756,INTL_OTRO,173.9
105375,Fiduaval,FONDO DE INVERSIÓN COLECTIVA ABIERTO CON PACTO DE PERMANENCIA ALTERNATIVOS 180 PLUS,FIC DE TIPO GENERAL,171976898827.4,159,2,12.4216675,544,15406.441914,RF_LARGO,172.0
58735,Acciones Y Valores S.A.  Comisionistas De Bolsa,FONDO DE INVERSION COLECTIVA  ABIERTO ACCIVAL ACCIONES DINAMICO,FIC DE TIPO GENERAL,167251601346.85,51487,2,43.3029685,800,23457.713797,RV_LOCAL,167.3
83314,Credicorp Capital,CREDICORP CAPITAL DERECHOS ECONOMICOS 2026,FIC DE TIPO GENERAL,155679733621.26,326,1,9.227673,800,20184.121228,SIN_CLASIFICAR,155.7
61583,"""Caja Social""",UNIVERSITAS  FONDO DE INVERSION  COLECTIVA ABIERTO CON  PACTO DE  PERMANENCIA,FIC DE TIPO GENERAL,151859466428.42,72610,1,5.449377,800,16305.639019,RF_LARGO,151.9
58897,Credicorp Capital,CREDICORP CAPITAL RENTA FIJA COLOMBIA,FIC DE TIPO GENERAL,135537990202.39,683,2,9.2384605,810,21098.488933,RF_LARGO,135.5
129937,Fiduaval,FONDO DE INVERSION COLECTIVA CERRADO ACCICOLF VANGUARDIA ACCIONES ORDINARIAS,FIC DE TIPO GENERAL,114138793321.63,2,1,48.153816,800,29207.778062,RV_LOCAL,114.1
90278,Acciones Y Valores S.A.  Comisionistas De Bolsa,FONDO DE INVERSIÓN COLECTIVA INMOBILIARIO SIRENTA,FIC INMOBILIARIAS,112379716529.42,8882,1,5.126917,800,14943.61616,SIN_CLASIFICAR,112.4
67403,Alianza Fiduciaria S.A.,FONDO DE INVERSION COLECTIVA ABIERTO CON PACTO DE PERMANENCIA ALIANZA ACCIONES,FIC DE TIPO GENERAL,110153375403.68001,2022,7,37.879535,509,27487.354709,RV_LOCAL,110.2
81171,Skandia Fiduciaria S.A.,FONDO DE INVERSIÓN COLECTIVA CERRADO INMOBILIARIO GRANDES SUPERFICIES,FIC INMOBILIARIAS,108433567824.45,28,1,8.748148,800,24363.819693,SIN_CLASIFICAR,108.4
119170,Itaú Comisionista De Bolsa,ITAÚ LATIN AMERICAN CORPORATE CREDIT,FIC DE TIPO GENERAL,107715398249.19,875,2,11.927489,534,15827.974236,SIN_CLASIFICAR,107.7
97466,Alianza Fiduciaria S.A.,FONDO ABIERTO CON PACTO DE PERMANENCIA RENOVABLE ALTERNATIVOS ALIANZA,FIC DE TIPO GENERAL,104189026285.54001,380,7,9.064621,503,16055.964961,RF_LARGO,104.2
115127,Acciones Y Valores S.A.  Comisionistas De Bolsa,FIC ABIERTO ACCICUENTA MODERADO,FIC DE TIPO GENERAL,103358621416.2,21879,1,14.051813,800,14709.025355,MIXTO,103.4
117765,Fiduciaria Sura S.A.,FIC SURA CREDITO PRIVADO II,FIC DE TIPO GENERAL,99854205750.54,435,1,15.59329,800,15282.647497,RF_LARGO,99.9
67404,Alianza Fiduciaria S.A.,FONDO DE INVERSION COLECTIVA ABIERTO CON PACTO PERMANENCIA ALIANZA RENTA FIJA 90,FIC DE TIPO GENERAL,99556767155.53,2891,8,8.752347,510,17121.71297,RF_LARGO,99.6
126297,Alianza Fiduciaria S.A.,FONDO CERRADO ALIANZA SENTENCIAS NACIÓN NO 6,FIC DE TIPO GENERAL,99494924787.06,409,3,15.438963,501,11560.592095,SIN_CLASIFICAR,99.5
106749,Fiduciaria Sura S.A.,FIC SURA CREDITO PRIVADO III,FIC DE TIPO GENERAL,98255645378.06,99,2,13.9209785,503,13736.283574,RF_LARGO,98.3
126370,Corredores Davivienda S.A.Comisionista De Bolsa,FONDO DE INVERSION COLECTIVA CERRADO EVOLUCION NOTA EUROPA 2027,FIC DE TIPO GENERAL,97978941896.29999,298,2,29.515221500000003,502,13060.854175,SIN_CLASIFICAR,98.0
106809,Progresion Scb,FONDO DE INVERSION COLECTIVA CERRADO PROGRESION RENTAMAS,FIC DE TIPO GENERAL,95667139450.68001,688,4,8.9660525,803,34076.664525,SIN_CLASIFICAR,95.7
59741,Valores Bancolombia S.A. Comisionista De Bolsa,FONDO DE INVERSION COLECTIVA ABIERTO RENTA FIJA PLUS,FIC DE TIPO GENERAL,94261824434.01001,1520,2,9.362706,803,19364.887805,RF_LARGO,94.3
130584,Fiduaval,FONDO DE INVERSION COLECTIVA INMOBILIARIO RENTA MAS,FIC INMOBILIARIAS,93283387341.48999,244,2,6.551246,501,15927.61867,SIN_CLASIFICAR,93.3
78886,Corredores Davivienda S.A.Comisionista De Bolsa,FONDO DE INVERSIÓN COLECTIVA RENTA FIJA LARGO PLAZO,FIC DE TIPO GENERAL,93141797917.79001,717,2,8.605279,501,16172.243443,RF_LARGO,93.1
114986,Valores Bancolombia S.A. Comisionista De Bolsa,FONDO DE INVERSIÓN COLECTIVA ABIERTO FIDUCUENTA DÓLARES,FIC DE TIPO GENERAL,91258823595.42,1179,2,-8.910146,801,8647.842471,INTL_OTRO,91.3
60275,Servivalores Gnb Sudameris S.A. Comisionista De Bolsa. Antes Sumavalores,FONDO DE INVERSION COLECTIVA ABIERTO RENTAVAL,FIC DE TIPO GENERAL,91006221212.22,547,1,8.318547,800,6290.23111,SIN_CLASIFICAR,91.0
122582,Corredores Davivienda S.A.Comisionista De Bolsa,FONDO DE INVERSIÓN COLECTIVA CERRADO NOTA ESTRUCTURADA ORO CON CAPITAL PROTEGIDO,FIC DE TIPO GENERAL,90773105891.79001,339,2,2.725822,502,12612.271616,SIN_CLASIFICAR,90.8
51959,Skandia Fiduciaria S.A.,FONDO DE INVERSIÓN COLECTIVA SKANDIA MULTIPLAZO,FIC DE TIPO GENERAL,84456925145.68982,244,11,8.863408,534,14176.283206,RF_LARGO,84.5
76989,Fiduciaria Coomeva S.A.,FONDO DE INVERSION COLECTIVA ABIERTO CON PACTO DE PERMANENCIA AVANZAR 30 DIAS,FIC DE TIPO GENERAL,84267004289.70999,448,6,4.583609,505,10288.317518,RF_LARGO,84.3
121640,Progresion Scb,FONDO DE INVERSION COLECTIVA CERRADO CREDIT OPPORTUNITIES FUND TITULOS VALORES,FIC DE TIPO GENERAL,83467027102.07,1213,1,9.579292,101,30767.206343,SIN_CLASIFICAR,83.5
135406,Fiduciaria Bancolombia S.A. Sociedad Fiduciaria,FONDO DE INVERSION COLECTIVA RENTA FIJA VIII,FIC DE TIPO GENERAL,83442494929.49,550,1,0.0,800,10521.8799,RF_LARGO,83.4
120833,"""Caja Social""",CORTO PLAZO FONDO DE INVERSIÓN COLECTIVA ABIERTO CON PACTO DE PERMANENCIA,FIC DE TIPO GENERAL,83438575279.82,14372,1,7.921815,800,11797.364332,RF_CORTO,83.4
127889,Corredores Davivienda S.A.Comisionista De Bolsa,FONDO DE INVERSIÓN COLECTIVA CERRADO IMPULSO IA CAPITAL PROTEGIDO,FIC DE TIPO GENERAL,83220634787.23999,283,2,0.0,502,10413.917523,SIN_CLASIFICAR,83.2
108529,Fiduciaria Sura S.A.,FIC SURA ULTRACASH COLOMBIA,FIC DE TIPO GENERAL,81412461373.04999,248,4,8.836304,504,15164.610337,RF_CORTO,81.4
61653,"""Caja Social""",RENDIR FONDO DE INVERSION COLECTIVA ABIERTO,FIC DE TIPO GENERAL,81347740061.47,5978,1,7.948654,800,23055.699333,SIN_CLASIFICAR,81.3
95356,Corredores Davivienda S.A.Comisionista De Bolsa,CERRADO FACTURAS 120,FIC DE TIPO GENERAL,77798095783.78,1047,1,9.141898,501,16447.019194,SIN_CLASIFICAR,77.8
105784,Bbva Asset Management S.A. Sociedad Fiduciaria,FIC MULTIESTRATEGIA EQUILIBRIO,FIC DE TIPO GENERAL,77277704041.66,14412,1,13.489442,501,16333.792567,MIXTO,77.3
9792,"Fiduciaria Davivienda S.A. Pudiendo Utilizar La Sigla ""Fidudavivienda S.A.""",FONDO DE INVERSION COLECTIVA DAVIPLUS RENTA FIJA PESOS,FIC DE TIPO GENERAL,76317975612.32,3775,1,7.427236,800,28447.290456,RF_LARGO,76.3
129895,Fiduaval,FONDO DE INVERSIÓN COLECTIVA ABIERTO CON PACTO DE PERMANENCIA ALTARENTA,FIC DE TIPO GENERAL,75613063412.79001,1892,2,8.245899999999999,524,18126.990795,RF_LARGO,75.6
124437,Fiduciaria Sura S.A.,FONDO DE INVERSION COLECTIVA CERRADO DENOMINADO SURA CREDITO PRIVADO V,FIC DE TIPO GENERAL,73666548022.13,541,3,11.971228,501,11541.742831,RF_LARGO,73.7
93625,Valores Bancolombia S.A. Comisionista De Bolsa,FONDO DE INVERSION COLECTIVA ABIERTO RENTA FUTURO,FIC DE TIPO GENERAL,70116852073.73,905,1,9.38385,803,15312.683534,SIN_CLASIFICAR,70.1
115128,Acciones Y Valores S.A.  Comisionistas De Bolsa,FIC ABIERTO ACCICUENTA MAYOR RIESGO,FIC DE TIPO GENERAL,69033397486.58,24748,1,20.736794,800,16241.040756,SIN_CLASIFICAR,69.0
126453,Bbva Asset Management S.A. Sociedad Fiduciaria,FIC CERRADO CON CAPITAL PROTEGIDO OPORTUNIDAD+ ACCIONES GLOBALES,FIC DE TIPO GENERAL,68342942968.57,472,1,11.586531,501,11318.252082,RV_INTL,68.3
93198,Credicorp Capital,CREDICORP CAPITAL DOLAR EFECTIVO,FIC DE TIPO GENERAL,66319915706.65,410,2,-17.536780999999998,800,10449.376582,INTL_OTRO,66.3
116926,Alianza Fiduciaria S.A.,FONDO CERRADO ALIANZA ALTERNATIVOS LOCAL MEDIANO PLAZO 5 AÑOS,FIC DE TIPO GENERAL,65892353312.579994,251,7,13.050407,506,12529.157793,RF_LARGO,65.9
131893,Fiduaval,FONDO BURSÁTIL GLOBAL X TES COLOMBIA COP GBI EM ID ETF,FIC BURSATILES,65176031487.1909,1339,1,8.553822,800,59250.937716,RV_INTL,65.2
135946,Acciones Y Valores S.A.  Comisionistas De Bolsa,FIC RENTA FIJA CERRADO 12M PLUS,FIC DE TIPO GENERAL,64193103594.14,5249,1,0.0,800,10188.284071,RF_LARGO,64.2
58918,Credicorp Capital,CREDICORP CAPITAL ACCIONES GLOBALES,FIC DE TIPO GENERAL,63041928966.7,459,2,-3.075452,800,28531.394342,RV_INTL,63.0
120187,Alianza Fiduciaria S.A.,FONDO CERRADO ALIANZA SENTENCIAS NACIÓN NO 5,FIC DE TIPO GENERAL,62364040931.009995,126,4,15.81813,504,14225.654494,SIN_CLASIFICAR,62.4
113658,Corredores Davivienda S.A.Comisionista De Bolsa,FONDO DE INVERSION COLECTIVA DIVERSIFICADO CONSERVADOR,FIC DE TIPO GENERAL,62190956718.85,380,1,8.401492,501,13555.576722,MIXTO,62.2
3644,Fiduciaria Bancolombia S.A. Sociedad Fiduciaria,FONDO DE INVERSIÓN COLECTIVA ABIERTO RENTA ACCIONES LATAM,FIC DE TIPO GENERAL,61263062791.83938,6386,1,2.00568,501,76930.35019,RV_INTL,61.3
67066,Credicorp Capital,CREDICORP CAPITAL DEUDA CORPORATIVA LATAM,FIC DE TIPO GENERAL,60754524977.08,330,2,6.073938,817,17769.831802,RF_LARGO,60.8
130402,Fiduaval,FONDO DE INVERSION COLECTIVA ABIERTO CON PACTO DE PERMANENCIA META PLANEADA,FIC DE TIPO GENERAL,59772381477.9,478,1,8.544402,800,15702.025302,RF_LARGO,59.8
121380,Fiduciaria Sura S.A.,FONDO DE INVERSION COLECTIVA CREDITO PRIVADO IV,FIC DE TIPO GENERAL,59642385761.32,481,1,13.330847,501,12834.708752,RF_LARGO,59.6
134932,Acciones Y Valores S.A.  Comisionistas De Bolsa,FONDO DE INVERSION COLECTIVA ESTRUCTURADO POTENCIAL USA,FIC DE TIPO GENERAL,59481294194.74,6951,1,0.0,800,10550.673286,SIN_CLASIFICAR,59.5
69368,Bbva Asset Management S.A. Sociedad Fiduciaria,FONDO DE INVERSIÓN COLECTIVA ABIERTO CON PACTO DE PERMANENCIA BBVA AM ESTRATEGIA BALANCEADO GLOBAL,FIC DE TIPO GENERAL,59396069198.02,6485,1,16.71723,800,24476.457632,INTL_OTRO,59.4
99106,Credicorp Capital,CREDICORP CAPITAL ACCIONES LATAM,FIC DE TIPO GENERAL,57011567910.24,587,2,5.8341745,800,10688.071723,RV_INTL,57.0
58921,Credicorp Capital,CREDICORP CAPITAL RENTA FIJA GLOBAL,FIC DE TIPO GENERAL,55548840906.51,311,2,7.111261000000001,800,18972.139538,INTL_OTRO,55.5
130524,Fiduaval,FONDO DE INVERSION COLECTIVA ABIERTO SIN PACTO DE PERMANENCIA RENTA FIJA RECURRENTE,FIC DE TIPO GENERAL,51712649935.78,1200,2,8.207003,502,15615.926369,RF_CORTO,51.7
118816,Alianza Fiduciaria S.A.,FONDO CERRADO ALIANZA SENTENCIAS NACIÓN NO 4,FIC DE TIPO GENERAL,50103630258.130005,110,3,13.54319,501,14174.205908,SIN_CLASIFICAR,50.1
134023,Credicorp Capital,CREDICORP CAPITAL ESTRUCTURADO XII,FIC DE TIPO GENERAL,49878544447.21,296,1,0.0,501,9992.199391,SIN_CLASIFICAR,49.9
97588,Alianza Fiduciaria S.A.,FONDO DE INVERSIÓN COLECTIVA CERRADO SENTENCIAS NACIÓN ALIANZA,FIC DE TIPO GENERAL,49417049854.64,116,4,8.8888695,501,19328.358105,SIN_CLASIFICAR,49.4
72485,Renta4g Fiduciaria,FONDO DE INVERSION COLECTIVA RENTA 4 GLOBAL VISTA,FIC DE TIPO GENERAL,49402893940.94,95,6,9.0130305,501,16515.23665,INTL_OTRO,49.4
128954,Fiduaval,FONDO DE INVERSIÓN COLECTIVA ABIERTO SIN PACTO DE PERMANENCIA AVANZA RENTA FIJA,FIC DE TIPO GENERAL,49387509512.36,446,1,7.902159,800,1722754.826715,RF_CORTO,49.4
122574,Valores Bancolombia S.A. Comisionista De Bolsa,FONDO DE INVERSIÓN COLECTIVA ABIERTO RENTA DIGITAL ALTO CRECIMIENTO,FIC DE TIPO GENERAL,49360726581.23,2202,1,14.652276,801,12881.480432,MIXTO,49.4
8686,Bbva Asset Management S.A. Sociedad Fiduciaria,FONDO DE INVERSIÓN COLECTIVA ABIERTO CON PACTO DE PERMANENCIA Y  PARTICIPACIONES DIFERENCIALES BBVA,FIC DE TIPO GENERAL,48524305413.62,4709,1,7.881098,801,37031.195754,RF_LARGO,48.5
59078,Corredores Davivienda S.A.Comisionista De Bolsa,FONDO DE INVERSIÓN COLECTIVA DIVERSIFICADO MODERADO,FIC DE TIPO GENERAL,47915589776.37,757,2,2.6410780000000003,501,27954.150991,MIXTO,47.9
102610,Alianza Fiduciaria S.A.,FONDO CERRADO SENTENCIAS NACIÓN II ALIANZA,FIC DE TIPO GENERAL,46458959090.72,113,3,9.172717,501,16791.942625,SIN_CLASIFICAR,46.5
136463,Fiduciaria Sura S.A.,FONDO DE INVERSION COLECTIVA CERRADO SURA CRÉDITO PRIVADO VI,FIC DE TIPO GENERAL,45759995387.75,189,1,0.0,501,10150.21941,RF_LARGO,45.8
76412,Fiduaval,F.I.C. DEUDA CORPORATIVA,FIC DE TIPO GENERAL,44305208229.66,65,1,9.031501,800,5280.528385,RF_LARGO,44.3
126374,Skandia Fiduciaria S.A.,FONDO DE INVERSIÓN COLECTIVA CERRADO SKANDIA ESTRUCTURADO EURO STOXX600 CON CAPITAL PROTEGIDO,FIC DE TIPO GENERAL,41891122125.92003,500,2,31.1856525,401,12867.309545,SIN_CLASIFICAR,41.9
130403,Fiduaval,FONDO DE INVERSION COLECTIVA ABIERTO CON PACTO DE PERMANENCIA META DECIDIDA,FIC DE TIPO GENERAL,41348545230.79,430,1,6.050914,800,16043.548679,RF_LARGO,41.3
54573,Accion Sociedad Fiduciaria S.A.  Sigla Acción Fiduciaria,FONDO DE INVERSIÓN COLECTIVA ABIERTO SIN PACTO DE PERMANENCIA ARCO IRIS CONSERVADOR,FIC DE TIPO GENERAL,40919884441.31,1225,1,6.614689,501,95552.058558,MIXTO,40.9
95249,Bbva Asset Management S.A. Sociedad Fiduciaria,FONDO DE INVERSIÓN COLECTIVA ABIERTO BBVA PÁRAMO,FIC DE TIPO GENERAL,39285641686.08,15089,1,8.832976,501,13962.777724,SIN_CLASIFICAR,39.3
118693,Valores Bancolombia S.A. Comisionista De Bolsa,FONDO RENTA DIGITAL CRECIMIENTO,FIC DE TIPO GENERAL,38743942149.78,2486,1,8.408954,801,13568.290845,MIXTO,38.7
115723,Alianza Fiduciaria S.A.,FONDO CERRADO ALIANZA SENTENCIAS NACIÓN NO 3,FIC DE TIPO GENERAL,37782253056.69,70,3,12.177714,504,15980.20126,SIN_CLASIFICAR,37.8
101471,Fiduciaria Sura S.A.,FIC SURA RENTA FIJA COLOMBIA,FIC DE TIPO GENERAL,37484662117.62,22,2,9.039484999999999,501,15752.772998,RF_LARGO,37.5
121643,Progresion Scb,FONDO DE INVERSION COLECTIVA ABIERTO CON PACTO DE PERMANENCIA  ACCIONES,FIC DE TIPO GENERAL,36921956796.47,2757,1,39.969822,101,26188.262172,RV_LOCAL,36.9
93223,Credicorp Capital,CREDICORP CAPITAL BALANCEADO COLOMBIA,FIC DE TIPO GENERAL,33248685375.9,572,2,12.341953,800,20354.191894,MIXTO,33.2
121149,Valores Bancolombia S.A. Comisionista De Bolsa,FIC RENTA DIGITAL MODERADO,FIC DE TIPO GENERAL,31058169437.21,2049,1,7.885558,801,11886.525331,MIXTO,31.1
80428,Acciones Y Valores S.A.  Comisionistas De Bolsa,ACCIVAL RENTA FIJA 180,FIC DE TIPO GENERAL,29945104251.04,2293,1,9.992735,800,18281.557593,RF_LARGO,29.9
127244,Acciones Y Valores S.A.  Comisionistas De Bolsa,FONDO DE INVERSION COLECTIVA ESTRUCTURADO ACCIONES BRASIL,FIC DE TIPO GENERAL,29621739919.48,2349,1,0.0,800,12816.019739,RV_LOCAL,29.6
126291,Credicorp Capital,CREDICORP CAPITAL ESTRUCTURADO XI,FIC DE TIPO GENERAL,27848822093.88,254,1,10.265226,501,12238.705647,SIN_CLASIFICAR,27.8
34163,Alianza Fiduciaria S.A.,FONDO CERRADO INMOBILIARIO ALIANZA,FIC INMOBILIARIAS,27450102566.99,82,1,3.915036,800,11670.423039,SIN_CLASIFICAR,27.5
124374,Skandia Fiduciaria S.A.,FIC CERRADO SKANDIA NOTA ESTRUCTRUADA CON CAPITAL PROTEGIDO I,FIC DE TIPO GENERAL,27307195086.929955,243,2,16.350284,401,13657.17294,SIN_CLASIFICAR,27.3
129659,Fiduaval,FONDO DE INVERSION COLECTIVA CERRADA OCCIDECOL,FIC DE TIPO GENERAL,27227158774.54,114,1,0.018538,800,10025.802718,SIN_CLASIFICAR,27.2
136598,Fiduciaria Bancolombia S.A. Sociedad Fiduciaria,FIC CERRADO RENTA ESTRUCTURADA,FIC DE TIPO GENERAL,25247360365.02,626,1,0.0,800,9818.106852,SIN_CLASIFICAR,25.2
119158,Itaú Comisionista De Bolsa,FONDO DE INVERSION COLECTIVA ABIERTO ITAU ACCIONES COLOMBIA,FIC DE TIPO GENERAL,25014143290.75,1316,1,39.665313,800,25374.272876,RV_LOCAL,25.0
115734,Fiduciaria Davibank,FONDO DE INVERSIÓN COLECTIVA ABIERTO CON PACTO DE PERMANENCIA SCOTIA DEUDA PÚBLICA COLOMBIA,FIC DE TIPO GENERAL,24839405300.29,13,6,6.0838874999999994,806,12743.022273,RF_LARGO,24.8
113579,Alianza Fiduciaria S.A.,FONDO CERRADO ALIANZA ALTERNATIVOS LOCAL MEDIANO PLAZO,FIC DE TIPO GENERAL,24435200253.15,38,5,12.116011,507,16568.602077,RF_LARGO,24.4
135048,Fiduciaria Sura S.A.,FONDO DE INVERSION COLECTIVA CERRADO (FIC) SURA RENTA FIJA LOCAL,FIC DE TIPO GENERAL,24401497108.96,110,3,0.0,501,10548.21909,RF_LARGO,24.4
115124,Acciones Y Valores S.A.  Comisionistas De Bolsa,FIC ABIERTO ACCICUENTA CONSERVADOR,FIC DE TIPO GENERAL,23330773262.03,5390,1,8.088972,800,13067.85369,MIXTO,23.3
62633,Fiducoldex,FIDUCOLDEX CAPITAL INTELIGENTE FONDO DE INVERSION COLECTIVA,FIC DE TIPO GENERAL,23118177816.16,67,2,8.0322685,556,10792.543127,SIN_CLASIFICAR,23.1
121646,Progresion Scb,CARTERA COLECTIVA ESCALONADA INTERBOLSA CREDIT,FIC DE TIPO GENERAL,21804777963.85,4122,1,-5.146658,101,91919.228352,SIN_CLASIFICAR,21.8
119695,Acciones Y Valores S.A.  Comisionistas De Bolsa,FIC ABIERTO SIN PACTO DE PERMANENCIA ETF 500 US,FIC DE TIPO GENERAL,21728853262.57,21905,1,-6.073039,800,11629.007701,RF_CORTO,21.7
106817,Progresion Scb,FONDO DE INVERSION COLECTIVA CERRADO INMOBILIARIO PROGRESION RENTAR II,FIC INMOBILIARIAS,21252243073.56,74,1,13.618294,800,28289.428418,SIN_CLASIFICAR,21.3
134758,Skandia Fiduciaria S.A.,FONDO DE INVERSIÓN COLECTIVA SKANDIA CERRADO CAT XXIX (29),FIC DE TIPO GENERAL,20864327199.90997,79,4,0.0,503,10515.955525,SIN_CLASIFICAR,20.9
119143,Itaú Comisionista De Bolsa,FONDO DE INVERSION COLECTIVA ABIERTO ITAU MEDIANO PLAZO,FIC DE TIPO GENERAL,20319876474.67,1642,1,6.291429,536,4342.501176,RF_LARGO,20.3
115736,Fiduciaria Davibank,FONDO DE INVERSIÓN COLECTIVA ABIERTO CON PACTO DE PERMANENCIA SCOTIA PORTAFOLIO GLOBAL MODERADO,FIC DE TIPO GENERAL,20265242666.89,6,3,-0.170878,812,12100.505598,INTL_OTRO,20.3
115735,Fiduciaria Davibank,FONDO DE INVERSIÓN COLECTIVA ABIERTO CON PACTO DE PERMANENCIA SCOTIA PORTAFOLIO GLOBAL CONSERVADOR,FIC DE TIPO GENERAL,20213480616.190002,7,3,3.31554,809,12064.006299,INTL_OTRO,20.2
120909,"""Caja Social""",RETIRO FONDO DE INVERSIÓN COLECTIVA ABIERTO CON PACTO DE PERMANENCIA,FIC DE TIPO GENERAL,18959273956.25,14503,1,7.72374,800,11666.165727,RF_LARGO,19.0
59079,Corredores Davivienda S.A.Comisionista De Bolsa,FIC ACCIONES GLOBALES,FIC DE TIPO GENERAL,18595134593.66,900,3,-5.591082,501,9941.254142,RV_INTL,18.6
127881,Bbva Asset Management S.A. Sociedad Fiduciaria,FONDO DE INVERSIÓN COLECTIVA CERRADO BBVA AM FUTURO 3.0,FIC DE TIPO GENERAL,18391912261.61,311,1,0.0,501,10703.985856,SIN_CLASIFICAR,18.4
108266,Corredores Davivienda S.A.Comisionista De Bolsa,FONDO DE INVERSION COLECTIVA ABIERTO LIQUIDEZ DOLAR,FIC DE TIPO GENERAL,18245992361.02,113,1,-18.516563,501,7175.218148,INTL_OTRO,18.2
125045,Alianza Fiduciaria S.A.,FONDO CERRADO ALIANZA ALTERNATIVOS LOCAL MEDIANO PLAZO NO 2,FIC DE TIPO GENERAL,17504446206.22,83,4,12.0380275,508,11643.944123,RF_LARGO,17.5
137005,Alianza Fiduciaria S.A.,FONDO CERRADO ALIANZA ESTRUCTURADO ALTERNATIVOS EQUITY MEDIANO PLAZO,FIC DE TIPO GENERAL,17465000000.0,3,2,0.0,502,10000.0,RV_LOCAL,17.5
101366,Alianza Fiduciaria S.A.,FONDO DE INVERSIÓN COLECTIVA ABIERTO CON PACTO DE PERMANENCIA RENOVABLE BALANCEADO MODERADO ALIANZ,FIC DE TIPO GENERAL,16947996676.07,140,6,10.749248,509,15815.700759,MIXTO,16.9
78888,Corredores Davivienda S.A.Comisionista De Bolsa,FONDO DE INVERSIÓN COLECTIVA DIVERSIFICADO INTERNACIONAL,FIC DE TIPO GENERAL,16664169969.14,293,1,-0.101714,501,14980.884757,INTL_OTRO,16.7
132820,Fiduaval,FONDO DE INVERSIÓN COLECTIVA ABIERTO IMPULSO ALTA LIQUIDEZ,FIC DE TIPO GENERAL,16437795727.650002,22,3,0.0,537,10841.521154,RF_CORTO,16.4
135658,Alianza Fiduciaria S.A.,FONDO CERRADO ALIANZA RENTA FIJA ESTRUCTURADO MEDIANO PLAZO,FIC DE TIPO GENERAL,16340783432.689999,72,4,0.0,502,10065.966062,RF_LARGO,16.3
137413,Acciones Y Valores S.A.  Comisionistas De Bolsa,FIC CRIPTO ESTRUCTURADO,FIC DE TIPO GENERAL,16251525072.52,3639,1,0.0,800,9769.051551,SIN_CLASIFICAR,16.3
129979,Fiduaval,FONDO DE INVERSION COLECTIVA ABIERTO CON PACTO DE PERMANENCIA RENTA FIJA DINAMICA,FIC DE TIPO GENERAL,16097745890.55,149,1,8.618912,800,17516.206719,RF_LARGO,16.1
136442,Credicorp Capital,CREDICORP CAPITAL ESTRUCTURADO XIII,FIC DE TIPO GENERAL,13368490246.41,90,1,0.0,501,10711.999887,SIN_CLASIFICAR,13.4
105786,Bbva Asset Management S.A. Sociedad Fiduciaria,FIC MULTIESTRATEGIA ESTABLE,FIC DE TIPO GENERAL,13338335792.9,5993,1,8.513204,501,14061.391136,MIXTO,13.3
125427,Corredores Davivienda S.A.Comisionista De Bolsa,FONDO DE INVERSIÓN COLECTIVA CERRADO CAPITAL PRIVADO INTERNACIONAL,FIC DE TIPO GENERAL,13203106562.079998,42,2,-23.3182875,501,7435.821842,INTL_OTRO,13.2
124187,Alianza Fiduciaria S.A.,FONDO CERRADO ALIANZA RENTA FIJA HIGH YIELD,FIC DE TIPO GENERAL,12647003742.67,63,3,7.901597,506,11305.975617,RF_LARGO,12.6
129224,Fiduaval,FONDO DE INVERSION COLECTIVA ABIERTO RENTAR 30,FIC DE TIPO GENERAL,11864060335.05,128,1,8.018507,800,21958.834571,SIN_CLASIFICAR,11.9
134246,Bbva Asset Management S.A. Sociedad Fiduciaria,FONDO DE INVERSION COLECTIVA CERRADO VISION + DOLAR,FIC DE TIPO GENERAL,11745769725.74,181,1,0.0,501,9447.240422,INTL_OTRO,11.7
134161,Skandia Fiduciaria S.A.,FONDO DE INVERSIÓN COLECTIVA SKANDIA CERRADO CAT XXVIII,FIC DE TIPO GENERAL,11299339564.830008,52,4,0.0,503,10669.75442,SIN_CLASIFICAR,11.3
105788,Bbva Asset Management S.A. Sociedad Fiduciaria,FIC MULTIESTRATEGIA CRECIMIENTO,FIC DE TIPO GENERAL,11037738983.25,4056,1,14.066067,501,17241.131344,MIXTO,11.0
123532,Acciones Y Valores S.A.  Comisionistas De Bolsa,FONDO DE INVERSION COLECTIVA ACCIONES USA VOO,FIC DE TIPO GENERAL,10842844663.33,7841,1,-6.986326,800,9099.407492,RV_INTL,10.8
9645,Fiduaval,F.I.C. CON PACTO DE PERMANENCIA CAPITAL PLUS,FIC DE TIPO GENERAL,10354655604.61,118,1,9.148939,800,33884.795485,RF_LARGO,10.4
108387,Alianza Fiduciaria S.A.,FONDO CERRADO ALIANZA ALTERNATIVOS LOCAL LARGO PLAZO,FIC DE TIPO GENERAL,9437310302.68,25,5,11.690514,507,18701.33508,RF_LARGO,9.4
58927,Credicorp Capital,CREDICORP CAPITAL BALANCEADO III,FIC DE TIPO GENERAL,9389142004.69,2,1,7.376546,800,21439.213984,MIXTO,9.4
69536,Fiduagraria S.A.,FONDO DE INVERSION COLECTIVA ABIERTO CONFIRENTA,FIC DE TIPO GENERAL,8578124998.26,350,4,7.2222919999999995,516,20699.818897,SIN_CLASIFICAR,8.6
129593,Fiduaval,FONDO DE INVERSIÓN COLECTIVA ABIERTO CON PACTO DE PERMANENCIA ES+,FIC DE TIPO GENERAL,8380272586.96,2542,3,9.388953,521,20442.898705,RF_LARGO,8.4
128955,Fiduaval,FONDO DE INVERSIÓN COLECTIVA ABIERTO CON PACTO DE PERMANENCIA META CRECIMIENTO,FIC DE TIPO GENERAL,8330842879.34,170,1,6.735259,800,3564.850784,MIXTO,8.3
129191,Fiduaval,FONDO DE INVERSIÓN COLECTIVA ABIERTO CON PACTO DE PERMANENCIA CUBRIR BALANCEADO INTERNACIONAL,FIC DE TIPO GENERAL,6876848245.67,1340,2,-17.513448,532,10927.75001,INTL_OTRO,6.9
123763,Acciones Y Valores S.A.  Comisionistas De Bolsa,FONDO DE INVERSION COLECTIVA ACCIVAL USD,FIC DE TIPO GENERAL,6363984463.94,6211,1,-17.724855,800,7940.512185,INTL_OTRO,6.4
54576,Accion Sociedad Fiduciaria S.A.  Sigla Acción Fiduciaria,FONDO DE INVERSION COLECTIVA ABIERTO CON PACTO DE PERMANENCIA ARCO IRIS TÍTULOS DEUDA PRIVADA,FIC DE TIPO GENERAL,6257137602.62,218,1,7.419558,502,27945.60839,RF_LARGO,6.3
121164,Valores Bancolombia S.A. Comisionista De Bolsa,FIC RENTA DIGITAL CONSERVADOR,FIC DE TIPO GENERAL,6065334605.38,519,1,7.749737,801,11560.108156,MIXTO,6.1
106813,Progresion Scb,FONDO DE INVERSIÓN COLECTIVA RENTA FIJA ABIERTO CON PACTO DE PERMANENCIA MEDIANO PLAZO,FIC DE TIPO GENERAL,6042126022.6,341,1,6.503013,800,17207.913371,RF_LARGO,6.0
122444,Corredores Davivienda S.A.Comisionista De Bolsa,FONDO DE INVERSIÓN COLECTIVA FINCA RAÍZ INTERNACIONAL,FIC DE TIPO GENERAL,5991680994.62,29,2,-16.679535,501,8156.032975,INTL_OTRO,6.0
54577,Accion Sociedad Fiduciaria S.A.  Sigla Acción Fiduciaria,FONDO DE INVERSION COLECTIVA ABIERTO CON PACTO DE PERMANENCIA ARCO IRIS DEUDA PRIVADA,FIC DE TIPO GENERAL,5973294328.19,82,1,8.058608,503,26869.035544,RF_LARGO,6.0
76414,Fiduaval,F.I.C. ACCIONES PLUS,FIC DE TIPO GENERAL,5665753308.96,168,1,39.077124,800,4952.789146,RV_LOCAL,5.7
115741,Fiduciaria Davibank,FONDO DE INVERSIÓN COLECTIVA ABIERTO CON PACTO DE PERMANENCIA SCOTIA PORTAFOLIO GLOBAL MÁS CRECIMIE,FIC DE TIPO GENERAL,5238479599.59,7,3,-6.070494,818,12355.96717,INTL_OTRO,5.2
123120,Fiduagraria S.A.,FONDO DE INVERSIÓN COLECTIVA EVOLUCIÓN 1525,FIC DE TIPO GENERAL,4917323645.67,8,2,8.2615365,769,11303.936178,RF_CORTO,4.9
115738,Fiduciaria Davibank,FONDO DE INVERSIÓN COLECTIVA ABIERTO CON PACTO DE PERMANENCIA SCOTIA PORTAFOLIO GLOBAL CRECIMIENTO,FIC DE TIPO GENERAL,4748664182.68,6,3,-3.261067,815,12374.219679,INTL_OTRO,4.7
76410,Fiduaval,F.I.C. ESTRATEGIA MODERADA,FIC DE TIPO GENERAL,4163446131.77,18,1,9.187589,800,20937.062569,MIXTO,4.2
115726,Fiduciaria Davibank,FONDO DE INVERSIÓN COLECTIVA ABIERTO CON PACTO DE PERMANENCIA SCOTIA PORTAFOLIO GLOBAL MÁS CONSERVA,FIC DE TIPO GENERAL,4084599325.6499996,6,3,6.041379,800,12149.505336,INTL_OTRO,4.1
135020,Skandia Fiduciaria S.A.,FONDO DE INVERSION COLECTIVA SKANDIA MONETARIO,FIC DE TIPO GENERAL,3723868072.209999,12,3,0.0,502,10333.054041,RF_CORTO,3.7
129190,Fiduaval,FONDO DE INVERSIÓN COLECTIVA ABIERTO CON PACTO DE PERMANENCIA ÓPTIMO,FIC DE TIPO GENERAL,3617614676.7,325,1,4.62179,800,4219.225598,RF_LARGO,3.6
122272,Fiduciaria La Previsora S.A.  Sigla Fiduprevisora S.A.,FONDO DE INVERSIÓN COLECTIVA FIDUPREVISORA SOSTENIBLE,FIC DE TIPO GENERAL,3533256824.0124636,11,5,0.0,531,10634.604154,SIN_CLASIFICAR,3.5
110574,Credicorp Capital,CREDICORP CAPITAL INNOVACIÓN LATAM,FIC DE TIPO GENERAL,3067355255.08,19,2,-1.8989179999999999,802,7854.412526,SIN_CLASIFICAR,3.1
127399,Acciones Y Valores S.A.  Comisionistas De Bolsa,FONDO DE INVERSION COLECTIVA ABIERTO ESTRATEGIA GLOBAL,FIC DE TIPO GENERAL,2901106269.73,1385,1,0.0,800,8555.840871,INTL_OTRO,2.9
117569,Alianza Fiduciaria S.A.,FONDO CERRADO ALIANZA ALTERNATIVOS LOCAL LARGO PLAZO 7 AÑOS,FIC DE TIPO GENERAL,2721243467.98,5,3,19.520627,506,17457.936002,RF_LARGO,2.7
119160,Itaú Comisionista De Bolsa,FONDO DE INVERSION COLECTIVA ITAÚ DOLAR RENTA FIJA,FIC DE TIPO GENERAL,2479004226.62,238,1,-17.972981,532,9344.263773,INTL_OTRO,2.5
106810,Progresion Scb,FONDO DE INVERSIÓN COLECTIVA CERRADO PROGRESIÓN RENTAPLÚS,FIC DE TIPO GENERAL,1458780778.81,14,1,7.536854,800,26549.172601,SIN_CLASIFICAR,1.5
121647,Progresion Scb,CARTERA COLECTIVA ESCALONADA INTERBOLSA FACTORING,FIC DE TIPO GENERAL,354512950.76,1085,1,-2.566153,101,12772.927508,SIN_CLASIFICAR,0.4
137409,Skandia Fiduciaria S.A.,FIC INMOBILIARIO CERRADO SKANDIA URBANO,FIC INMOBILIARIAS,74014902.69,5,2,0.0,503,10000.0,SIN_CLASIFICAR,0.1
82718,Fiduagraria S.A.,FONDO DE INVERSIÓN COLECTIVA ABIERTO CON PACTO DE PERMANENCIA RENTAPAIS,FIC DE TIPO GENERAL,3771735.55,1,1,7.351585,800,15518.26971,RF_CORTO,0.0
