nombre,clase,first,last,months,alive,vol_m,ret_a,corr_colcap,corr_glob,corr_mm,beta_colcap,maxdd,aum_bn,codes,subtipo,entidad,aum_fund_bn,clase_vol
FONDO DE INVERSIÓN COLECTIVA ABIERTO RENTA BALANCEADO,800,2016-01-01,2026-09-01,129,True,6.940890469471444,7.73051477744342,0.7125660211687594,0.7766433381032439,0.23008774095052592,0.23951823084148352,-13.496641972051027,274.68318398677025,3078,FIC DE TIPO GENERAL,Fiduciaria Bancolombia S.A. ,274.68318398677025,MIXTO
FIC ABIERTO ACCICUENTA MODERADO,800,2023-09-01,2026-09-01,37,True,3.72460731849268,12.195225743760263,0.570301467921487,0.41124520343826315,0.2093121029409408,0.08291106230372772,-1.519081814668377,102.97768352183999,115127,FIC DE TIPO GENERAL,Acciones Y Valores S.A.  Com,102.97768352183999,MIXTO
FIC ABIERTO ACCICUENTA MAYOR RIESGO,800,2023-11-01,2026-09-01,35,True,5.81623015771727,17.693199192909702,0.6435682251497268,0.19180253971386352,0.09683839213871272,0.14619344605840234,-4.099347304480261,66.59795586092,115128,FIC DE TIPO GENERAL,Acciones Y Valores S.A.  Com,66.59795586092,MIXTO
FONDO DE INVERSIÓN COLECTIVA DIVERSIFICADO MODERADO,501,2017-08-01,2026-09-01,110,True,6.869684436101766,5.276894373905172,0.6669688392713701,0.7092582895929036,0.20634487105748553,0.2351095759051845,-13.50706267779519,47.71237169268,59078,FIC DE TIPO GENERAL,Corredores Davivienda S.A.Co,47.760097258410006,MIXTO
CREDICORP CAPITAL BALANCEADO COLOMBIA,800,2020-07-01,2026-09-01,75,True,5.0624622171828655,7.222395518379843,0.6188056640521351,0.5404860993199055,0.2984686549735662,0.14488612471318849,-9.489219884545296,31.5824455582,93223,FIC DE TIPO GENERAL,Credicorp Capital,32.786799758549996,MIXTO
FONDO DE INVERSIÓN COLECTIVA ABIERTO CON PACTO DE PERMANENCIA RENOVABLE BALANCEADO MODERADO ALIANZ,509,2021-12-01,2026-09-01,58,True,4.345479684041971,9.85770305873601,0.5339500360315398,0.050255142679828106,0.46663296857881564,0.10712804842310479,-4.054177974887874,5.565298685989999,101366,FIC DE TIPO GENERAL,Alianza Fiduciaria S.A.,17.49343317959,MIXTO
FONDO DE INVERSIÓN COLECTIVA ABIERTO CON PACTO DE PERMANENCIA ES+,521,2016-03-01,2026-09-01,127,True,3.5418115177700695,6.920832258525045,0.6556223908706584,0.4532428326879601,0.4296514161972218,0.11292937716652576,-6.4932306647383475,7.608769174850001,54077+129593,FIC DE TIPO GENERAL,Fiduaval,8.29780683339,MIXTO
CREDICORP CAPITAL VISION,800,2016-01-01,2023-07-01,91,False,6.308567278410926,5.658263378561723,0.6488510151657851,0.7470769985664177,0.1756642051427292,0.20815199859930963,-11.750051269637563,4.77386320791,58973,FIC DE TIPO GENERAL,Credicorp Capital,0.0,MIXTO
FIC CERRADO MIDAS ALTERNATIVO,800,2016-01-01,2020-08-01,56,False,2.2262986887297074,7.1814133277971814,0.5568162000116631,0.48442712133358407,0.40158947774223763,0.06298523093777184,-2.869050912835147,0.38284976943,60174,FIC DE TIPO GENERAL,Valoralta  S.A. Comisionista,0.0,MIXTO
FONDO DE INVERSIÓN COLECTIVA ABIERTO FIDUCUENTA,800,2016-01-01,2026-09-01,129,True,1.2568684504124887,6.476494940607669,0.021588532413601903,-0.0010133202074930068,1.0,0.001314047970573252,-0.2849418276683058,25776.996765114807,2852,FIC DE TIPO GENERAL,Fiduciaria Bancolombia S.A. ,25776.996765114807,RF_CORTO/MM
FONDO ABIERTO ALIANZA,504,2016-01-01,2026-09-01,129,True,1.2593872995237185,5.923482598120011,0.08200015703997234,0.05894225368923596,0.9797089154776825,0.0050011774969016135,-0.5626192938452013,2098.42730051148,10936,FIC DE TIPO GENERAL,Alianza Fiduciaria S.A.,9781.66096539522,RF_CORTO/MM
FONDO DE INVERSION COLECTIVA SUPERIOR,502,2016-01-01,2026-09-01,129,True,1.1852773904956828,6.4419467993859225,0.09137491414769057,0.06777181710555932,0.975035319883233,0.005244997156630885,-0.4601739647975944,2557.3679259569703,10026,FIC DE TIPO GENERAL,Fiduciaria Davivienda S.A. P,8837.92465539845,RF_CORTO/MM
CARTERA COLECTIVA ABIERTA DE ALTA LIQUIDEZ,518,2018-03-01,2026-09-01,102,True,1.2322616874581658,6.613708184182365,0.010305590544075371,0.0022472139971961764,0.9789973477643138,0.000664275626673307,-0.21698260447985396,7304.394940888845,11407,FIC DE MERCADO MONETARIO,Fiduciaria La Previsora S.A.,7622.455125737386,RF_CORTO/MM
CREDICORP CAPITAL ALTA LIQUIDEZ,800,2016-01-01,2026-09-01,129,True,1.1244093285749748,6.145387707667216,0.11439421047867523,0.07154470238745496,0.9621940912063478,0.006229120902480431,-0.4763666670640432,1178.13100983914,58756,FIC DE TIPO GENERAL,Credicorp Capital,7276.808093371819,RF_CORTO/MM
FONDO DE INVERSION COLECTIVA ABIERTO RENTA LIQUIDEZ,803,2020-11-01,2026-09-01,71,True,1.329833749607532,7.676924695780851,-0.09838160992529832,-0.09652199479288781,0.9846993947160941,-0.006006003353645023,-0.2852913929077938,5308.18341031018,59304,FIC DE TIPO GENERAL,Valores Bancolombia S.A. Com,6590.792109757669,RF_CORTO/MM
FONDO DE INVERSION COLECTIVA ABIERTO SUMAR,506,2016-01-01,2026-09-01,129,True,1.312748708648649,5.516560004850168,0.01163028678341969,0.011677196922964088,0.9711369173372314,0.0007393844259644117,-1.1685956096689765,1575.25250280771,22969+129120,FIC DE TIPO GENERAL,Fiduaval,6416.51971559819,RF_CORTO/MM
FONDO DE INVERSIÓN COLECTIVA ABIERTO BBVA EFECTIVO CON PARTICIPACIONES DIFERENCIALES,501,2016-01-01,2026-09-01,129,True,1.0345250789399467,6.298898686493293,0.06229104913604463,0.04553088263211476,0.9738613486710089,0.003120792860839649,-0.09352286724174652,1271.88238971237,8734,FIC DE TIPO GENERAL,Bbva Asset Management S.A. S,6139.79788549146,RF_CORTO/MM
FONDO DE INVERSION COLECTIVA ABIERTO FIDUGOB,518,2016-01-01,2026-09-01,129,True,1.2736287872751257,6.525974678137891,0.031889527566516876,0.02747477102261925,0.9832052353063241,0.0019669314614512066,-0.48032763832143166,2900.72313090621,10659+128979,FIC DE TIPO GENERAL,Fiduaval,5850.06331872966,RF_CORTO/MM
FONDO ABIERTO CON PACTO DE PERMANENCIA CXC,504,2016-01-01,2026-09-01,129,True,0.8534911105445517,7.742029200072609,0.09314237228208463,0.029404755556492267,0.9048737052894918,0.0038498567677563004,0.0,1983.54961115379,10824,FIC DE TIPO GENERAL,Alianza Fiduciaria S.A.,5777.156206163,RF_CORTO/MM
FONDO DE INVERSIÓN COLECTIVA ABIERTO SIN PACTO DE PERMANENCIA OCCITESOROS,800,2016-01-01,2021-10-01,70,False,0.689017022928591,3.979896998832011,0.3521769715866231,0.32236448718762206,0.9052992467317298,0.012392019727202058,-0.4192838517442232,1081.23975689355,9453,FIC DE TIPO GENERAL,Fiduciaria De Occidente S.A.,5017.56960436849,RF_CORTO/MM
FIC INTERÉS,501,2017-08-01,2026-09-01,110,True,1.2083272159749896,6.002517463716672,0.11957861939198577,0.08824495832543029,0.948879539913903,0.007414230411593461,-0.7089243147956781,146.52054800292,58347,FIC DE TIPO GENERAL,Corredores Davivienda S.A.Co,4126.51872378223,RF_CORTO/MM
FONDO DE INVERSIÓN COLECTIVA ABIERTO SIN PACTO DE PERMANENCIA OCCIRENTA,401,2016-08-01,2026-09-01,122,True,1.2662636016041495,7.107347630271965,0.062443598943556604,0.03846355406929685,0.9811526239032238,0.0039036546352373474,-0.2403905471365264,524.07317839142,9438+128953,FIC DE TIPO GENERAL,Fiduaval,3734.91062746972,RF_CORTO/MM
FONDO DE INVERSIÓN COLECTIVA ABIERTO BBVA PAÍS CON PARTICIPACIONES DIFERENCIALES,702,2016-09-01,2026-09-01,121,True,1.2958820249547707,6.396405286538642,0.06405363245471472,0.05414050003477391,0.9803107876725267,0.004103697678921582,-0.30846551394431154,1976.9259467285,11962,FIC DE TIPO GENERAL,Bbva Asset Management S.A. S,3001.73445255763,RF_CORTO/MM
FONDO CASH CONSERVADOR ALIANZA 1525,511,2019-04-01,2026-09-01,87,True,1.319564768623428,7.504577247533795,0.050191291997560644,0.02223788376957867,0.9624298407826601,0.0036485620444299794,-0.3383918218797688,77.04642177039999,18462,FIC DE TIPO GENERAL,Alianza Fiduciaria S.A.,2796.7257690227,RF_CORTO/MM
RENTAFACIL FONDO DE INVERSION COLECTIVA ABIERTO,507,2018-05-01,2026-09-01,101,True,1.3926561755669282,5.994260443056221,0.13042615408266012,0.06305638601878,0.9658912825396457,0.009558803172287848,-0.616660588304796,102.52302459539,10779,FIC DE TIPO GENERAL,"""Caja Social""",2355.65610593039,RF_CORTO/MM
F.I.C. VALOR PLUS I,412,2017-03-01,2026-09-01,115,True,1.3982428398536464,6.927612781949222,0.0415138207382974,0.01600299296372542,0.9826181461355118,0.0029209336434795103,-0.3951742372356071,769.31228964448,53954,FIC DE TIPO GENERAL,Fiduaval,2326.9459019705096,RF_CORTO/MM
FONDO DE INVERSIÓN COLECTIVA ABIERTA SIN PACTO DE PERMANENCIA FIDUEXCEDENTES,800,2016-01-01,2026-09-01,129,True,1.2763342418416446,6.4791355568437625,0.03985132940443823,0.02132559198237414,0.9925174178642056,0.0024632330862440588,-0.3753259832068867,2214.2061146547203,3895,FIC DE TIPO GENERAL,Fiduciaria Bancolombia S.A. ,2214.2061146547203,RF_CORTO/MM
FONDO DE INVERSIÓN COLECTIVA FIDUCOLDEX,703,2019-09-01,2026-09-01,85,True,1.4070045733720662,6.808167331495785,0.08991288689295698,0.06864473813712335,0.9664653283986859,0.007010297440804242,-0.37053762696845904,804.6735857047701,11149,FIC DE TIPO GENERAL,Fiducoldex,2160.07394944382,RF_CORTO/MM
F.I.C. A. MERCADO MONETARIO CONFIANZA PLUS,800,2016-01-01,2024-05-01,101,False,1.4156625308400668,5.705824083525579,0.02611721424789202,0.022119192354471545,0.9828157542670976,0.001843479630499518,-0.4279278656618146,1230.14306646533,13174,FIC DE MERCADO MONETARIO,Fiduaval,1591.2476763743198,RF_CORTO/MM
FONDO DE INVERSION COLECTIVA ABIERTO FIC 600,712,2019-02-01,2026-09-01,92,True,1.368461628866472,6.686647006547464,0.0804696547469595,0.044259580967808486,0.9697072455357572,0.005924145307586987,-0.6030934621253481,489.26892193382,69537,FIC DE TIPO GENERAL,Fiduagraria S.A.,1558.29810350502,RF_CORTO/MM
FONDO DE INVERSION COLECTIVA ABIERTO ITAU MONEY MARKET,505,2018-07-01,2026-09-01,99,True,1.4159551938483317,7.06841301468808,0.053946940710284795,0.02233011354261483,0.989512467193033,0.00406079392845543,-0.3381747971864524,346.06961603189,10648+119133,FIC DE TIPO GENERAL,Itaú Comisionista De Bolsa,1541.46312330534,RF_CORTO/MM
F.I.C. A. LIQUIDEZ 1525 PLUS,570,2024-06-01,2026-09-01,28,True,0.3278926181501832,8.248119542511589,-0.20899655373960782,-0.04459303261849895,0.8626057017582981,-0.002881103506412071,0.0,1286.37179238305,103927,FIC DE MERCADO MONETARIO,Fiduaval,1510.19027562892,RF_CORTO/MM
FIC ABIERTO BBVA FAM CON PARTICIPACIONES DIFERENCIALES,501,2016-01-01,2026-09-01,129,True,1.4066520645808465,6.332496055867698,0.08296328745605408,0.09865097514708167,0.9470626416660258,0.0056515934845725105,-0.5502623836663667,884.43326391571,8742,FIC DE TIPO GENERAL,Bbva Asset Management S.A. S,1508.39536596228,RF_CORTO/MM
FONDO DE INVERSIÓN COLECTIVA SKANDIA EFECTIVO,503,2016-01-01,2026-09-01,129,True,1.292477758767508,6.505842064965828,0.023210503080628303,0.02059569938367896,0.983153583793712,0.0014528002541202647,-0.2691809126863509,490.24346209047496,51953,FIC DE TIPO GENERAL,Skandia Fiduciaria S.A.,1456.2685260224796,RF_CORTO/MM
FONDO DE INVERSIÓN COLECTIVA ABIERTO FIDULIQUIDEZ,522,2018-04-01,2026-09-01,102,True,1.333944711758882,5.804184441614102,0.1039681240909093,0.053140209554514956,0.9803413372487356,0.007300021500313503,-0.4941835118783322,8.42773511301,11356+128989,FIC DE TIPO GENERAL,Fiduaval,1448.3295778171703,RF_CORTO/MM
FONDO DE INVERSIÓN COLECTIVA ABIERTO BBVA DIGITAL CON PARTICIPACIONES DIFERENCIALES,501,2019-09-01,2026-09-01,85,True,1.4586616137289026,7.846462532272391,0.06231244423006543,0.04423695217700354,0.9826479680254935,0.00503672610871826,-0.1330885025592088,1372.19610405072,87342,FIC DE TIPO GENERAL,Bbva Asset Management S.A. S,1372.19629700314,RF_CORTO/MM
FONDO DE INVERSIÓN COLECTIVA ABIERTO FIDUCREDICORP VISTA,507,2019-04-01,2026-09-01,90,True,1.5200903101240588,6.238494350521706,0.06694931092560895,0.037333462526499446,0.9778994426130792,0.005519323281630003,-0.6494697588456666,467.36206791586,29133,FIC DE TIPO GENERAL,Credicorp Capital Fiduciaria,1335.27594845471,RF_CORTO/MM
CARTERA COLECTIVA ABIERTA EFECTIVO A LA VISTA,506,2018-02-01,2026-09-01,103,True,1.3576621875198769,6.123165761076099,0.08415301636638176,0.0448094271357432,0.9656986362890996,0.00599379793688049,-0.5367917374799247,1183.8070589522506,11427,FIC DE TIPO GENERAL,Fiduciaria La Previsora S.A.,1322.9539393067994,RF_CORTO/MM
FONDO DE INVERSION COLECTIVA ABIERTO 1525,801,2016-01-01,2026-09-01,129,True,1.3157710770479425,6.416610079861029,0.04970834967317978,0.03867344780249237,0.9861891839963588,0.003167436779358116,-0.3791739045386322,1293.98494857432,17653,FIC DE MERCADO MONETARIO,Fiduciaria Davibank,1293.98494857432,RF_CORTO/MM
CREDICORP CAPITAL VISTA,504,2020-07-01,2026-09-01,75,True,1.6367608659521038,7.593647990812036,-0.05729450599090448,-0.09090814979331056,0.974865668257837,-0.004337194847720544,-0.825646124442525,197.26153047898998,93197,FIC DE TIPO GENERAL,Credicorp Capital,1211.62057580588,RF_CORTO/MM
FONDO DE INVERSION COLECTIVA ABIERTO CON PACTO DE PERMANENCIA FIDURENTA,501,2016-01-01,2026-09-01,129,True,1.9638897811588656,7.327444143525508,0.11716375097445364,0.08159742574223165,0.8923255210616879,0.011143167338177839,-1.098034857561947,870.8151106946905,2971,FIC DE TIPO GENERAL,Fiduciaria Bancolombia S.A. ,1092.5161367163118,RF_CORTO/MM
FONDO DE INVERSION COLECTIVA CONSOLIDAR,800,2016-01-01,2026-09-01,129,True,1.1753767233149734,6.153070824740459,0.08034197173283168,0.06425306306169754,0.9793158269554314,0.0045731752742615445,-0.23244225785782335,1025.43399804282,10025,FIC DE TIPO GENERAL,Fiduciaria Davivienda S.A. P,1025.43399804282,RF_CORTO/MM
FONDO DE INVERSION COLECTIVA CCA RENTALIQUIDA FIDUCAFE,501,2017-09-01,2026-09-01,109,True,1.2957972938787672,5.937027455733057,0.10065529103873598,0.09653251253983346,0.9708714722700725,0.006723605811833101,-0.3597722621125343,730.14532691205,32814,FIC DE TIPO GENERAL,Fiduciaria Davivienda S.A. P,901.2098892620601,RF_CORTO/MM
FONDO DE INVERSIÓN COLECTIVA INMOBILIARIO CERRADO SKANDIA COMPRAR PARA ARRENDAR-I,502,2016-08-01,2026-09-01,122,True,1.4504067581714677,8.00758707631346,0.0754629369345487,-0.07020713687865962,0.15547077715326624,0.005403595816388138,-0.6509803462139141,733.392025567333,51968,FIC INMOBILIARIAS,Skandia Fiduciaria S.A.,733.5393825155805,RF_CORTO/MM
FONDO DE INVERSION COLECTA ABIERTO CON PACTO DE PERMANENCIA SURA MULTIESTRATEGIA CREDITO COLOMBIA,800,2016-01-01,2026-09-01,129,True,0.8944399308543615,8.241656204520996,-0.06639722944821289,-0.16446034427466472,0.6492875544022142,-0.0028760697370455845,-1.3288839207049152,564.22453187921,53962,FIC DE TIPO GENERAL,Fiduciaria Sura S.A.,689.05533722873,RF_CORTO/MM
FONDO DE INVERSION COLECTIVA ACCIVAL VISTA,800,2016-01-01,2026-09-01,129,True,1.227707849649234,6.134069617884652,0.07433785514419805,0.03519606607220056,0.9750584752360922,0.004419807290369532,-0.29571549750653237,583.9262424204101,58695,FIC DE TIPO GENERAL,Acciones Y Valores S.A.  Com,647.7011349386001,RF_CORTO/MM
FONDO DE INVERSIÓN COLECTIVA ABIERTO SIN PACTO DE PERMANENCIA ACCION UNO,504,2016-01-01,2021-08-01,68,False,0.8014784344221793,3.8197989461116633,0.4112719965747058,0.3295535957928451,0.8575147407044055,0.016919927955164164,-0.6891533891754009,642.507378351648,11014,FIC DE TIPO GENERAL,Accion Sociedad Fiduciaria S,587.38865548198,RF_CORTO/MM
FONDO DE INVERSION ABIERTO CASH,800,2016-01-01,2026-09-01,129,True,1.0885600344294133,6.297565861163834,0.07668091831575019,0.03401447978627338,0.9817785617748415,0.004042387718464228,-0.347982405585201,558.52383960712,10440,FIC DE TIPO GENERAL,Servitrust Gnb Sudameris S.A,558.52383960712,RF_CORTO/MM
FONDO DE INVERSION COLECTIVA FONDO GNB ABIERTO,800,2016-01-01,2024-10-01,106,False,1.1880728580715576,5.800170913036862,0.03813636910454756,0.043080207695319464,0.9884677961932311,0.0022150751208940157,-0.3429176821740043,321.409657527,58134,FIC DE TIPO GENERAL,Servitrust Gnb Sudameris S.A,529.50053566,RF_CORTO/MM
FIC BBVA VALORES MONEY MARKET,501,2021-06-01,2026-09-01,64,True,1.3281160541919408,8.49129991165043,-0.12046300860484269,0.03733839809064553,0.9708015615033765,-0.007121379270706704,0.0,120.00208906226,98186,FIC DE MERCADO MONETARIO,Bbva Valores,509.42483135295004,RF_CORTO/MM
FONDO DE INVERSION COLECTIVA ABIERTO RENDIR,802,2016-01-01,2026-09-01,129,True,1.3343149685385758,6.111338038370162,0.034053041192654995,0.023856085762628966,0.9840926869436055,0.00220045522916376,-0.4399877030785593,429.51148736588,11627,FIC DE TIPO GENERAL,Fiduciaria Davibank,429.51148736588,RF_CORTO/MM
FONDO DE INVERSIÓN COLECTIVA ABIERTO RENTAR,511,2018-04-01,2026-09-01,102,True,1.3588266369137958,5.556017957105719,0.07034830400372155,0.03986426384982514,0.979641660397036,0.00503157308036279,-0.7304507786149994,7.68482671615,11286+128988,FIC DE TIPO GENERAL,Fiduaval,402.59115432044996,RF_CORTO/MM
FIC ABIERTO CON PACTO DE PERMANENCIA AVANZAR 90 DIAS,511,2019-02-01,2026-09-01,92,True,0.6745217918391593,9.32807592207341,0.066590833169691,0.0037163411849291303,0.6433600583099366,0.0024164141691779767,0.0,211.66247619072,82379,FIC DE TIPO GENERAL,Fiduciaria Coomeva S.A.,325.38326194159004,RF_CORTO/MM
FONDO ALIANZA FACTORING 6 MESES,503,2024-09-01,2026-09-01,25,True,0.2782870418317967,9.645362745905128,0.17430440437364625,-0.20078523864709572,0.7905352310236304,0.002099522662678587,0.0,106.04417487124,120541,FIC DE TIPO GENERAL,Alianza Fiduciaria S.A.,316.35293358702,RF_CORTO/MM
FONDO DE INVERSION COLECTIVA ABIERTO ITAU CORTO PLAZO,513,2018-07-01,2026-09-01,99,True,1.6678182838798825,7.4110999395134325,0.10765273327810634,0.07542150029537603,0.9434613293858515,0.009544834677256748,-0.6212763904735019,1.4145440079,48153+119144,FIC DE TIPO GENERAL,Itaú Comisionista De Bolsa,300.00439885801,RF_CORTO/MM
FONDO ABIERTO 1525 FIDUCENTRAL,527,2019-02-01,2026-09-01,92,True,1.343761525945648,6.869725850889008,0.17182514027796303,0.08418817358631867,0.9469783155406012,0.012421380037619653,-0.5349622298912116,61.77966303674,36570,FIC DE TIPO GENERAL,Fiduciaria Central S.A. Sigl,284.46865356851004,RF_CORTO/MM
FONDO ABIERTO FIDUCIARIA CENTRAL,536,2019-02-01,2026-09-01,92,True,1.4753210964231025,5.948327474822346,0.09030821146074276,0.06737557536264256,0.9617104370905433,0.007167616058524019,-0.6729597066668869,161.12816149670002,11714,FIC DE TIPO GENERAL,Fiduciaria Central S.A. Sigl,272.87105819044,RF_CORTO/MM
FONDO DE INVERSIÓN COLECTIVA ABIERTO FIC AVANZAR VISTA,502,2017-09-01,2026-09-01,109,True,1.3180810165843775,5.712889663067111,0.0652014765861099,0.02562252514767993,0.9703845786913073,0.004430248657979625,-0.6194359357368895,20.154530427919997,71197,FIC DE TIPO GENERAL,Fiduciaria Coomeva S.A.,256.67546686847,RF_CORTO/MM
CARTERA COLECTIVA ABIERTA CON PACTO DE PERMANENCIA EFECTIVO A PLAZOS - CARTERA CON COMPARTIMENTOS,511,2018-08-01,2026-09-01,97,True,1.4459245474236941,6.6268173061770685,0.07139921787806519,0.047169628929994885,0.9614009920245287,0.0055056772186684744,-0.5788196030191317,47.9288596819721,11403,FIC DE TIPO GENERAL,Fiduciaria La Previsora S.A.,255.0795681436009,RF_CORTO/MM
FONDO DE INVERSION COLECTIVA ABIERTO GLOBAL VISTA,588,2016-01-01,2024-09-01,105,False,1.2374150925767238,5.393878003864994,0.09731120254982151,0.10699532928590604,0.932624393766046,0.005905948434126709,-0.31648517402526055,106.88563303391,59328,FIC DE TIPO GENERAL,Global Securities S.A. Comis,236.88576670598002,RF_CORTO/MM
FONDO DE INVERSION COLECTIVA CERRADO SURA CREDITO PRIVADO COLOMBIA,800,2016-01-01,2026-09-01,129,True,0.5715667656418586,8.59528674416612,-0.018300610182093065,-0.05605464339344738,0.6988822548442485,-0.000506559907194366,0.0,5.8897591967,53970,FIC DE TIPO GENERAL,Fiduciaria Sura S.A.,231.94741467016001,RF_CORTO/MM
CREDICORP CAPITAL FACTORING,800,2020-07-01,2026-09-01,75,True,0.9958806577544401,8.997385883885611,-0.060636483303215624,-0.09770720380879949,0.8426528307362098,-0.0027928783830143684,0.0,168.05713495209,93229,FIC DE TIPO GENERAL,Credicorp Capital,219.34704931053997,RF_CORTO/MM
FONDO DE INVERSIÓN COLECTIVA ABIERTO SIN PACTO DE PERMANENCIA ACCION 1525,504,2021-09-01,2026-09-01,61,True,1.4396504352346058,8.853040748406272,-0.11886105131742296,-0.03585415297332175,0.9580746265630183,-0.007713865483810082,-0.0905203794276832,199.29814405569,99740,FIC DE TIPO GENERAL,Accion Sociedad Fiduciaria S,199.29814405569,RF_CORTO/MM
FONDO DE INVERSIÓN COLECTIVA ABIERTO CON PACTO DE PERMANENCIA ALTERNATIVOS 180 PLUS,544,2022-05-01,2026-09-01,53,True,1.8026485884755483,10.19678357980165,0.16511089906909615,0.12754103038425954,-0.21958118746293995,0.013872547114478558,-2.6378864071141206,96.84932924867002,105375,FIC DE TIPO GENERAL,Fiduaval,170.33664622828002,RF_CORTO/MM
CREDICORP CAPITAL DERECHOS ECONOMICOS 2026,800,2019-04-01,2026-09-01,90,True,0.8224498910268984,9.748412967767717,-0.009440782693651596,-0.04134930724857239,0.8609613313089518,-0.00042110246072284526,0.0,155.37024208253,83314,FIC DE TIPO GENERAL,Credicorp Capital,155.37024208253,RF_CORTO/MM
FONDO ABIERTO CON PACTO DE PERMANENCIA RENOVABLE ALTERNATIVOS ALIANZA,503,2021-04-01,2026-09-01,66,True,0.9853478611008967,8.960395238243702,-0.05345097450663994,-0.036590368219369784,0.8861482784573131,-0.0023380196311039666,0.0,28.166229957040002,97466,FIC DE TIPO GENERAL,Alianza Fiduciaria S.A.,103.89605143856,RF_CORTO/MM
FIC SURA CREDITO PRIVADO II,800,2024-01-01,2026-09-01,33,True,0.3556580144879134,16.183472095542918,-0.15768426848867956,0.23296379395334393,0.31536364538330663,-0.002231921322888249,0.0,99.57953121709,117765,FIC DE TIPO GENERAL,Fiduciaria Sura S.A.,99.57953121709,RF_CORTO/MM
FIC SURA CREDITO PRIVADO III,501,2022-07-01,2026-09-01,51,True,0.40832994856935145,13.077525521302524,0.06380621835734666,0.06794039463727324,-0.07690983264316835,0.0011259772461566014,0.0,25.67154026675,106749,FIC DE TIPO GENERAL,Fiduciaria Sura S.A.,98.00248989035,RF_CORTO/MM
FONDO DE INVERSION COLECTIVA CERRADO PROGRESION RENTAMAS,803,2016-01-01,2026-09-01,129,True,0.6448549324631057,7.631593440873585,-0.018892932939613166,0.09412360709943986,0.6513562218931715,-0.0005900104233387759,0.0,54.14327305837,60046+106809,FIC DE TIPO GENERAL,Progresion Scb,95.60482882019001,RF_CORTO/MM
FONDO DE INVERSION COLECTIVA ABIERTO RENTAVAL,800,2016-01-01,2026-09-01,129,True,1.1238246835011,6.371875028233043,0.029095218885908714,0.022383352259162877,0.9848563148671508,0.001583501468270212,-0.2504249480569931,84.38060030745,60275,FIC DE TIPO GENERAL,Servivalores Gnb Sudameris S,84.38060030745,RF_CORTO/MM
CORTO PLAZO FONDO DE INVERSIÓN COLECTIVA ABIERTO CON PACTO DE PERMANENCIA,800,2024-08-01,2026-09-01,26,True,1.2220735353441894,7.229977141106625,-0.18996135889349167,-0.005454610732339226,0.8053623063455969,-0.009843178267124277,-0.1903602741035293,83.45948626091,120833,FIC DE TIPO GENERAL,"""Caja Social""",83.45948626091,RF_CORTO/MM
FONDO DE INVERSION COLECTIVA CERRADO CREDIT OPPORTUNITIES FUND TITULOS VALORES,101,2024-10-01,2026-09-01,24,True,1.1247258444415353,9.585381985009445,0.26947593181361984,0.07108151053319887,0.21586591277106745,0.013046540908781108,0.0,83.33457615580001,121640,FIC DE TIPO GENERAL,Progresion Scb,83.33457615580001,RF_CORTO/MM
FONDO DE INVERSION COLECTIVA ABIERTO CON PACTO DE PERMANENCIA AVANZAR 30 DIAS,501,2018-06-01,2026-09-01,100,True,0.6604645163475862,9.67534791379725,0.0016096634823984102,0.09913373184921286,0.6045204786988856,5.623000476884244e-05,0.0,20.26684120875,76989,FIC DE TIPO GENERAL,Fiduciaria Coomeva S.A.,83.29125334072,RF_CORTO/MM
RENDIR FONDO DE INVERSION COLECTIVA ABIERTO,800,2016-01-01,2026-09-01,129,True,1.933574455528319,6.534017822558091,0.03458840054003984,0.00014693064832428077,0.8823681654122193,0.003238841195310517,-0.933747896830317,81.79893917937,61653,FIC DE TIPO GENERAL,"""Caja Social""",81.79893917937,RF_CORTO/MM
CERRADO FACTURAS 120,501,2020-12-01,2026-09-01,70,True,0.8321723974981857,8.867986416395123,-0.0036353098599276406,0.04616312993079372,0.8114669627398531,-0.0001359947117060488,0.0,77.7850173731,95356,FIC DE TIPO GENERAL,Corredores Davivienda S.A.Co,77.7850173731,RF_CORTO/MM
FONDO CERRADO ALIANZA SENTENCIAS NACIÓN NO 5,504,2024-07-01,2026-09-01,27,True,0.5608446723828655,16.627427052106846,0.34900847496788795,-0.12059051215073992,-0.23383106425517083,0.008348474304694929,0.0,28.68561495323,120187,FIC DE TIPO GENERAL,Alianza Fiduciaria S.A.,62.2917699444,RF_CORTO/MM
FONDO DE INVERSION COLECTIVA CREDITO PRIVADO IV,501,2024-09-01,2026-09-01,25,True,0.3189951237823331,12.547006965895768,0.3475913795210971,-0.2367343653806942,-0.07304542205857281,0.004799237727353236,0.0,59.50272680701,121380,FIC DE TIPO GENERAL,Fiduciaria Sura S.A.,59.50272680701,RF_CORTO/MM
FONDO DE INVERSION COLECTIVA ABIERTO CON PACTO DE PERMANENCIA META PLANEADA,800,2020-02-01,2026-09-01,80,True,1.8309686943793475,6.912576087045719,0.0872140170935922,0.11813020346026414,0.9100504564005746,0.009086681007011358,-2.0119992047242463,59.2016928516,90300+130402,FIC DE TIPO GENERAL,Fiduaval,59.2016928516,RF_CORTO/MM
FIC SURA ULTRACASH COLOMBIA,501,2022-09-01,2026-09-01,49,True,0.8266221105151181,9.227063910265532,-0.1690764856623868,0.003703680611964935,0.9280739199358673,-0.005898155801907057,0.0,22.56296416484,108529,FIC DE TIPO GENERAL,Fiduciaria Sura S.A.,56.63900892028,RF_CORTO/MM
FONDO CERRADO ALIANZA SENTENCIAS NACIÓN NO 4,501,2024-03-01,2026-09-01,31,True,0.7299231960028327,14.101170291434295,-0.08058913877019223,0.38262926892198296,0.32009386375777166,-0.0024028428339832875,0.0,25.218775335049997,118816,FIC DE TIPO GENERAL,Alianza Fiduciaria S.A.,49.97731118673,RF_CORTO/MM
FONDO DE INVERSIÓN COLECTIVA ABIERTO SIN PACTO DE PERMANENCIA AVANZA RENTA FIJA,800,2016-01-01,2026-09-01,129,True,1.536964340145033,6.669495082478494,0.17495806643685732,0.12830094421214122,0.8735536970634102,0.013022550094801685,-1.1593511334833773,49.23978449789,9448+128954,FIC DE TIPO GENERAL,Fiduaval,49.23978449789,RF_CORTO/MM
FONDO DE INVERSION COLECTIVA RENTA 4 GLOBAL VISTA,501,2017-11-01,2026-09-01,107,True,1.0779451439888712,5.762529051844489,0.09615240659357495,0.009010037329832363,0.9470883124851265,0.005384278540177458,-0.27875837287619776,22.03681390431,72485,FIC DE TIPO GENERAL,Renta4g Fiduciaria,46.72950138491,RF_CORTO/MM
FONDO DE INVERSIÓN COLECTIVA ABIERTO SIN PACTO DE PERMANENCIA ARCO IRIS CONSERVADOR,501,2016-01-01,2026-09-01,129,True,1.4754880420171668,5.865019106569869,0.07757037201835934,0.07346730577938854,0.8936625470934386,0.005542808105744383,-0.7447876131348896,40.92359356897,54573,FIC DE TIPO GENERAL,Accion Sociedad Fiduciaria S,40.92359356897,RF_CORTO/MM
FONDO CERRADO ALIANZA SENTENCIAS NACIÓN NO 3,504,2023-10-01,2026-09-01,36,True,1.2755740370288162,16.347452649471215,-0.04954128982382515,0.15720763444062605,0.5940811875016874,-0.002495896926421816,0.0,19.80382190991,115723,FIC DE TIPO GENERAL,Alianza Fiduciaria S.A.,37.696386454089996,RF_CORTO/MM
FONDO CERRADO ALIANZA ALTERNATIVOS LOCAL MEDIANO PLAZO,507,2023-06-01,2026-09-01,40,True,0.6026120163477887,16.19636056723406,-0.005277793083089724,0.04335544617506207,0.0035880269683095673,-0.00012703797896688825,0.0,13.513123488280002,113579,FIC DE TIPO GENERAL,Alianza Fiduciaria S.A.,24.377228580220002,RF_CORTO/MM
FIC ABIERTO ACCICUENTA CONSERVADOR,800,2023-09-01,2026-09-01,37,True,1.9975302569999698,8.569098506290974,0.165995963829722,0.3010408111239986,0.7895692374872781,0.012942506525867361,-0.29966655553809174,23.378146291540002,115124,FIC DE TIPO GENERAL,Acciones Y Valores S.A.  Com,23.378146291540002,RF_CORTO/MM
RETIRO FONDO DE INVERSIÓN COLECTIVA ABIERTO CON PACTO DE PERMANENCIA,800,2024-08-01,2026-09-01,26,True,1.2728264165214926,7.044228489054216,-0.08317663238467234,0.04095936530654095,0.7896906646133176,-0.004488934377768028,-0.3204524679839893,18.67880823777,120909,FIC DE TIPO GENERAL,"""Caja Social""",18.67880823777,RF_CORTO/MM
FONDO DE INVERSION COLECTIVA ABIERTO CON PACTO DE PERMANENCIA RENTA FIJA DINAMICA,800,2018-03-01,2026-09-01,103,True,1.7477410680027612,6.675187080650091,0.13922529899598107,0.043657622313357645,0.8572647198718986,0.012745894724101703,-1.4414877576874319,16.077487805889998,73963+129979,FIC DE TIPO GENERAL,Fiduaval,16.077487805889998,RF_CORTO/MM
FONDO DE INVERSION COLECTIVA ABIERTO RENTAR 30,800,2016-01-01,2026-09-01,129,True,1.4517242171173028,6.769218619185202,0.20138513513300116,0.1665997576855192,0.8623689614182144,0.01415825752225913,-0.8970444842104963,11.84288947394,31508+129224,FIC DE TIPO GENERAL,Fiduaval,11.84288947394,RF_CORTO/MM
F.I.C. CON PACTO DE PERMANENCIA CAPITAL PLUS,800,2016-01-01,2026-09-01,129,True,1.5867085064688942,6.5932183598437,0.08089060540800357,0.059601492353339405,0.9200939179624649,0.0062157496018903835,-0.9752763694583666,10.32261404492,9645,FIC DE TIPO GENERAL,Fiduaval,10.32261404492,RF_CORTO/MM
FONDO CERRADO ALIANZA ALTERNATIVOS LOCAL LARGO PLAZO,501,2022-10-01,2026-09-01,48,True,1.267796990995097,13.780380834542694,-0.18268921112299255,0.08000999255138211,0.47724250410792657,-0.009582333668534579,0.0,0.53988608576,108387,FIC DE TIPO GENERAL,Alianza Fiduciaria S.A.,10.318763290279998,RF_CORTO/MM
FONDO DE INVERSION COLECTIVA ABIERTO CONFIRENTA,516,2019-06-01,2026-09-01,88,True,1.2664195283957858,6.2287914040161985,0.10509986385955056,0.08415060680262053,0.9229900862140382,0.007263726878405482,-0.49284699393019604,5.28653366094,69536,FIC DE TIPO GENERAL,Fiduagraria S.A.,8.51534506737,RF_CORTO/MM
FONDO DE INVERSION COLECTIVA ABIERTO CON PACTO DE PERMANENCIA ARCO IRIS TÍTULOS DEUDA PRIVADA,502,2016-01-01,2026-09-01,129,True,1.1193443179941758,5.941166093216266,0.06394611683979352,0.00034481527056908634,0.904158023554228,0.003466379845238206,-0.34851402453710545,6.64574510575,54576,FIC DE TIPO GENERAL,Accion Sociedad Fiduciaria S,6.64574510575,RF_CORTO/MM
FONDO DE INVERSION COLECTIVA ABIERTO CON PACTO DE PERMANENCIA ARCO IRIS DEUDA PRIVADA,503,2016-01-01,2026-09-01,129,True,0.9804489912479233,6.6906969474296085,0.04784593027563711,0.023593951399005823,0.8924364401465267,0.0022717905154380227,-0.0722009254467415,6.07117276493,54577,FIC DE TIPO GENERAL,Accion Sociedad Fiduciaria S,6.07117276493,RF_CORTO/MM
FONDO DE INVERSIÓN COLECTIVA RENTA FIJA ABIERTO CON PACTO DE PERMANENCIA MEDIANO PLAZO,800,2022-06-01,2026-09-01,52,True,1.241451729729898,8.216168550863312,0.09414216215017716,-0.20947589772201086,0.7036000920977463,0.005496573201118153,-0.3826698592145683,6.0103932255500006,106813,FIC DE TIPO GENERAL,Progresion Scb,6.0103932255500006,RF_CORTO/MM
FONDO DE INVERSIÓN COLECTIVA CERRADO PROGRESIÓN RENTAPLÚS,800,2016-01-01,2026-09-01,129,True,0.7033154212673809,8.588149876365069,-0.04967249695930909,0.04623694290906345,0.4946681562775224,-0.0016918599386159152,-0.14691384961438292,1.45763942754,60168+106810,FIC DE TIPO GENERAL,Progresion Scb,1.45763942754,RF_CORTO/MM
FONDO DE INVERSIÓN COLECTIVA ABIERTO CON PACTO DE PERMANENCIA RENTAPAIS,800,2019-02-01,2026-09-01,92,True,1.2419698020330316,5.862683135581204,0.03572636411827019,-0.022123360792284465,0.914302300044637,0.002387046044670293,-0.2654854680071095,0.0037640826200000003,82718,FIC DE TIPO GENERAL,Fiduagraria S.A.,0.0037640826200000003,RF_CORTO/MM
CASA DE BOLSA DEUDA CORPORATIVA FONDO ABIERTO CON PACTO DE PERMANENCIA,800,2016-01-01,2018-03-01,27,False,0.5845798918437294,6.507369712893807,0.0793685532826659,0.2644933223775974,0.8716051064123042,0.0013280229450363694,0.0,49.769425798730005,58745,FIC DE TIPO GENERAL,Aval Casa De Bolsa S.A.,0.0,RF_CORTO/MM
CASA DE BOLSA ESTRATEGIA MODERADA FONDO ABIERTO CON PACTO DE PERMANENCIA,800,2016-01-01,2018-03-01,27,False,1.6960291407040209,6.837442584680864,0.755256651223584,0.430523487032134,0.377956542577453,0.036664106898130905,-1.1544265718853586,21.282937543630002,58744,FIC DE TIPO GENERAL,Aval Casa De Bolsa S.A.,0.0,RF_CORTO/MM
CASA DE BOLSA LIQUIDEZ FONDO ABIERTO,800,2016-01-01,2018-03-01,27,False,0.34253802881027234,5.748087185397921,0.08535992838235479,0.2847250666587706,0.9866397615681344,0.0008369048374685009,0.0,667.66963294187,58746,FIC DE MERCADO MONETARIO,Aval Casa De Bolsa S.A.,0.0,RF_CORTO/MM
FIC ABIERTO CON PACTO DE PERMANENCIA VALOR TESORO,800,2016-01-01,2017-12-01,24,False,1.7737293884589944,2.8820168458124407,-0.04881450178776283,0.07587465364094093,0.15499058315127853,-0.002198886531014468,-0.9735061232724052,0.18547264408000003,59114,FIC DE TIPO GENERAL,Profesionales De Bolsa,0.0,RF_CORTO/MM
FIC ABIERTO MIDAS MIDAS MONEY MARKET,800,2016-05-01,2018-11-01,31,False,0.48486998968432315,4.6837405595115955,0.2011141060501057,0.23706768776048687,0.4308841099666673,0.0029286491247792197,0.0,3.24439481097,62622,FIC DE MERCADO MONETARIO,Valoralta  S.A. Comisionista,0.0,RF_CORTO/MM
FIC CORPORATIVO II,800,2016-01-01,2020-07-01,55,False,0.4662764543094919,5.783826782229395,0.10494446856426602,-0.04131206381316398,0.13525607230360395,0.0025074454607677678,0.0,3.15283625518,53965,FIC DE TIPO GENERAL,Fiduciaria Sura S.A.,0.0,RF_CORTO/MM
FIC CORPORATIVO III,800,2016-01-01,2019-01-01,37,False,0.5742321175098872,9.153394470065578,0.2505461510117397,0.36270846380000193,0.7754092877479921,0.00435507007821365,0.0,0.7916784054,53966,FIC DE TIPO GENERAL,Fiduciaria Sura S.A.,0.0,RF_CORTO/MM
FIC GESTIONAR,800,2016-01-01,2022-02-01,74,False,0.5639695137518317,7.7307909534904296,0.029675448986029085,0.03602620940943423,0.8169138371041165,0.0008403742196930566,0.0,2.3327661922,53973,FIC DE TIPO GENERAL,Fiduciaria Sura S.A.,0.0,RF_CORTO/MM
FIC PACTO 25 DE LA FAMILIA DE FONDOS DE FIDUAGRARIA RENTASEMILLA,800,2016-11-01,2019-01-01,27,False,0.4168998449617189,4.2745264908902625,0.3588788611089521,0.4082754786162187,0.8863200612099417,0.004589659818282986,0.0,5.532017021060001,65531,FIC DE TIPO GENERAL,Fiduagraria S.A.,0.0,RF_CORTO/MM
FIC PENSIONES II,800,2016-01-01,2021-09-01,69,False,0.6724717066377215,6.506161388828069,0.038525135499227696,-0.10526493852527798,0.7869130617881227,0.00133006443234419,0.0,2.3917685619099998,53968,FIC DE TIPO GENERAL,Fiduciaria Sura S.A.,0.0,RF_CORTO/MM
FIC PENSIONES III,800,2016-01-01,2018-10-01,34,False,0.4078247774970812,7.5230426920101845,0.12020548435563362,0.328118912438537,0.8081535910329372,0.0013554354808939797,0.0,1.29683399425,53969,FIC DE TIPO GENERAL,Fiduciaria Sura S.A.,0.0,RF_CORTO/MM
FIC PENSIONES V,800,2016-01-01,2019-01-01,37,False,0.6425046710568181,9.204178277103559,0.14197888315257962,0.16404997057848034,0.8277812062054489,0.0027613405966249813,0.0,0.74136265987,53972,FIC DE TIPO GENERAL,Fiduciaria Sura S.A.,0.0,RF_CORTO/MM
FIC SURA ESTRATEGIA LIBRANZAS COLOMBIA,502,2022-06-01,2025-05-01,36,False,0.48136871076503013,14.790400736468667,0.2526468398505362,0.028706763585421357,0.3718561724251254,0.005543596140209407,0.0,5.23383486174,106785,FIC DE TIPO GENERAL,Fiduciaria Sura S.A.,0.0,RF_CORTO/MM
FIC SURA LIQUIDEZ PESOS,501,2021-06-01,2023-07-01,26,False,1.582903246825619,5.056153729719615,-0.20073849889905238,-0.0927181148775536,0.9793426077994088,-0.01548556952757708,-0.25619095099749245,2.1510449342899998,98744,FIC DE TIPO GENERAL,Fiduciaria Sura S.A.,0.0,RF_CORTO/MM
FONDO ABIERTO 1525 FC2 FIDUCENTRAL,539,2020-01-01,2022-09-01,33,False,0.6283780670563638,0.25146398987225815,-0.08042516141266345,-0.013880964989568947,0.7602806851428376,-0.003652019275685097,-1.4409701278910503,2.66062414113,90195,FIC DE TIPO GENERAL,Fiduciaria Central S.A. Sigl,0.0,RF_CORTO/MM
FONDO DE INVERSION COLECTIVA ABIERTO CON PACTO DE PERMANECIA ESPARTA 30,800,2016-01-01,2020-06-01,54,False,1.1383052742882145,5.5334762576024765,0.6681291775315591,0.6401987240461169,0.6142980231369759,0.03934359200736281,-1.3685758967011963,185.14270305609,58436,FIC DE TIPO GENERAL,Ultraserfinco S.A.,0.0,RF_CORTO/MM
FONDO DE INVERSION COLECTIVA ABIERTO CON PACTO DE PERMANENCIA RENTAPAIS,800,2016-01-01,2019-01-01,37,False,0.7393417221982543,4.407810960385361,0.2756948813460612,0.09207629031018136,0.5382362939764929,0.006170123411194986,-0.14073338209746877,4.30569357466,13525,FIC DE TIPO GENERAL,Fiduagraria S.A.,0.0,RF_CORTO/MM
FONDO DE INVERSION COLECTIVA ABIERTO CON PACTO DE PERMANENCIA RENTAPLAZO,800,2016-01-01,2019-01-01,37,False,0.38284930073945994,5.028556451424793,0.36356020883036705,0.4440289264515845,0.9113433909586665,0.0042133169970035534,0.0,24.98824189802,13520,FIC DE TIPO GENERAL,Fiduagraria S.A.,0.0,RF_CORTO/MM
FONDO DE INVERSION COLECTIVA ABIERTO GS RENTA,588,2016-01-01,2018-04-01,28,False,0.34052325941090344,4.4571667990978,0.11158562370391857,0.49287508723052836,0.6543914549049518,0.0010697188739439056,0.0,2.19698203464,59349,FIC DE TIPO GENERAL,Global Securities S.A. Comis,0.0,RF_CORTO/MM
FONDO DE INVERSION COLECTIVA ABIERTO PROGRESION LIQUIDEZ,800,2016-06-01,2022-05-01,72,False,0.5000313671395246,3.3129044796441187,0.06048937725307672,0.15819402542765887,0.8049233494041471,0.00153883719960998,-0.10203925835441385,7.4891541549300005,63109,FIC DE TIPO GENERAL,Progresion Sociedad Administ,0.0,RF_CORTO/MM
FONDO DE INVERSION COLECTIVA CERRADO DENOMINADO ESPARTA 180,800,2016-01-01,2020-06-01,54,False,1.6149119726508565,5.508163607930916,0.6791427207552532,0.6542209577288958,0.5303630605237711,0.05673678543493501,-2.1733019094420603,340.80663330845,58439,FIC DE TIPO GENERAL,Ultraserfinco S.A.,0.0,RF_CORTO/MM
FONDO DE INVERSION COLECTIVA CERRADO DENOMINADO FACTORING,800,2016-01-01,2020-06-01,54,False,0.28672380360026106,6.273324642717659,0.3786086360941904,0.26145499795515603,0.5283366415754208,0.0056157670832391714,0.0,66.31254564999,58980,FIC DE TIPO GENERAL,Ultraserfinco S.A.,0.0,RF_CORTO/MM
FONDO DE INVERSION COLECTIVA CERRADO PODER,800,2016-01-01,2018-08-01,32,False,0.5188852357388073,9.605259375243524,-0.01534797669353908,0.33313776044854965,0.4237651799617656,-0.000225091142048195,0.0,0.24858825919,61078,FIC DE TIPO GENERAL,Servivalores Gnb Sudameris S,0.0,RF_CORTO/MM
FONDO DE INVERSION COLECTIVA INMOBILIARIA VALORALTA INMOBILIARIO,800,2017-02-01,2019-03-01,26,False,0.9440501029132575,9.457236844868655,0.12892951409560258,-0.08047291152684849,0.5055069969231246,0.004062228806390128,0.0,12.89408806119,67470,FIC INMOBILIARIAS,Valoralta  S.A. Comisionista,0.0,RF_CORTO/MM
FONDO DE INVERSION COLECTIVA VALOR,501,2016-01-01,2018-01-01,25,False,0.49288355779002835,5.451934636444311,0.011760212994146094,0.3202724848882455,0.5007392365706992,0.00014745035517661198,0.0,2.95780464227,59094,FIC DE TIPO GENERAL,Profesionales De Bolsa,0.0,RF_CORTO/MM
FONDO DE INVERSIÓN COLECTIVA ABIERTO BTG PACTUAL LIQUIDEZ,402,2016-01-01,2026-08-01,128,False,1.234217849090143,7.199357835485287,0.14771843307532614,0.08422941548494099,0.9662023683507329,0.008853871170372887,-0.5079972152496337,2439.0796542680296,58564,FIC DE TIPO GENERAL,Btg Pactual,0.0,RF_CORTO/MM
FONDO DE INVERSIÓN COLECTIVA ABIERTO CON PACTO DE PERMANENCIA ADCAP MULTIPLAZOS,800,2016-01-01,2021-01-01,61,False,1.2981114450778657,5.364572067841511,0.27779187231740005,0.34347177977292787,0.5052779095052892,0.019209909633227433,-1.1669853966332244,54.48373610723,60509,FIC DE TIPO GENERAL,Progresion Scb,0.0,RF_CORTO/MM
FONDO DE INVERSIÓN COLECTIVA ABIERTO CON PACTO DE PERMANENCIA ADCAP RENTA FIJA COLOMBIA,800,2016-01-01,2021-01-01,61,False,1.671585466178839,5.531627505954373,0.41655565586259424,0.5146353699575584,0.5391438886251593,0.037093296411460454,-1.813517366237194,19.67106077799,60510,FIC DE TIPO GENERAL,Progresion Scb,0.0,RF_CORTO/MM
FONDO DE INVERSIÓN COLECTIVA ABIERTO CON PACTO DE PERMANENCIA RENTAR CAPITAL,800,2018-04-01,2021-08-01,41,False,0.8468526487559263,3.796408316706823,0.2417794855443821,0.1645051957499573,0.9049550911277967,0.012764633157917475,-0.7423701026604945,3.2523277458,76275,FIC DE TIPO GENERAL,Fiduciaria Popular S.A. - Fi,0.0,RF_CORTO/MM
FONDO DE INVERSIÓN COLECTIVA ABIERTO CON PACTO DE PERMANENCIA VALOR ESTRATEGICO ? FONDO CON PARTICI,522,2018-12-01,2022-02-01,39,False,1.7165282198684677,2.7061584425003726,0.18489723287097082,0.30090545638702615,0.7256865414329823,0.020248380423244575,-2.3501621547195373,0.0,80265,FIC DE TIPO GENERAL,Fiduciaria La Previsora S.A.,0.0,RF_CORTO/MM
FONDO DE INVERSIÓN COLECTIVA ABIERTO INVERTIR AHORRO PLUS,800,2016-01-01,2021-01-01,61,False,0.5361464262236236,4.6923422612125565,0.1727632103517662,0.2928068396481263,0.9531422195406262,0.004934333386564297,0.0,103.20378841111,60520,FIC DE TIPO GENERAL,Progresion Scb,0.0,RF_CORTO/MM
FONDO DE INVERSIÓN COLECTIVA ABIERTO SIN PACTO DE PERMANENCIA ULTRASERFINCO LIQUIDEZ,504,2016-09-01,2020-06-01,46,False,0.538602403507831,4.591208799497348,0.5069415409887009,0.5180496124520662,0.8889021139985637,0.014867984150299211,-0.2212553347421764,214.47385454076002,58434,FIC DE TIPO GENERAL,Ultraserfinco S.A.,0.0,RF_CORTO/MM
FONDO DE INVERSIÓN COLECTIVA CERRADO BTG PACTUAL CREDIVALORES II,501,2016-01-01,2022-08-01,80,False,0.4826196542537802,8.621530692822521,-0.09975929251267585,-0.012086550666109912,0.8359361007065416,-0.0024941913026108515,0.0,0.44071012441,60248,FIC DE TIPO GENERAL,Btg Pactual,0.0,RF_CORTO/MM
FONDO DE INVERSIÓN COLECTIVA CERRADO BTG PACTUAL OBLIGACIONES DIVERSIFICADO I,501,2016-01-01,2021-06-01,66,False,0.7113846541591112,7.47629035636459,0.04776386709079144,-0.08327865175984474,0.821972299720077,0.0017663575576302084,-0.047113314810176554,4.132452116590001,60197,FIC DE TIPO GENERAL,Btg Pactual,0.0,RF_CORTO/MM
FONDO DE INVERSIÓN COLECTIVA CERRADO BTG PACTUAL OBLIGACIONES DIVERSIFICADO II,501,2016-07-01,2020-01-01,43,False,0.31964045185479434,10.881060026681123,0.05371805732859055,-0.051488483988933936,0.4498781713928821,0.0005325456143540588,0.0,2.09854002048,63732,FIC DE TIPO GENERAL,Btg Pactual,0.0,RF_CORTO/MM
FONDO DE INVERSIÓN COLECTIVA CERRADO RENTA FIJA 365,588,2016-01-01,2019-04-01,40,False,0.38889847049325993,4.433739856850583,0.12652779967577296,0.23907728221007868,0.878682740274585,0.0015727317600177702,0.0,4.8928142779799995,59342,FIC DE TIPO GENERAL,Global Securities S.A. Comis,0.0,RF_CORTO/MM
FONDO DE INVERSIÓN COLECTIVA CERRADO SURA LIBRANZAS I,501,2020-12-01,2025-11-01,60,False,0.41590723018411013,10.141090013583831,-0.08399984936147391,-0.06079839292727398,0.36204527389410074,-0.0014797386594728318,0.0,44.662291280910004,95409,FIC DE TIPO GENERAL,Fiduciaria Sura S.A.,0.0,RF_CORTO/MM
FONDO DE INVERSIÓN COLECTIVA DEL MERCADO MONETARIO DEL MERCADO MONETARIO DENOMINADO AFIN VALORES V,800,2016-01-01,2018-03-01,27,False,0.2583340765596992,3.441148591132115,-0.16609340061705544,0.17224598064493007,0.6239122626854472,-0.0012281384158307307,0.0,2.13945150291,60543,FIC DE MERCADO MONETARIO,Ualet S.A. Comisionista De B,0.0,RF_CORTO/MM
FONDO DE INVERSIÓN COLECTIVA ESPARTA PLUS,800,2018-02-01,2020-06-01,29,False,1.0680425834026337,5.181346944082299,0.48181526249840595,0.5927497459209894,0.8697144802629709,0.034050476369959504,-0.47067814050427703,35.86846075056,75155,FIC DE TIPO GENERAL,Ultraserfinco S.A.,0.0,RF_CORTO/MM
FONDO DE INVERSIÓN COLECTIVA RENTACOL,745,2023-01-01,2025-05-01,29,False,0.8412311614086433,9.306508810528346,-0.41144958687187627,-0.08004017437031469,0.8855823520594343,-0.012620996099540515,0.0,5.4973688908,110777,FIC DE TIPO GENERAL,Fiduagraria S.A.,0.0,RF_CORTO/MM
FONVAL DEUDA PUBLICA,800,2016-01-01,2018-12-01,36,False,1.9204427447984487,5.250285357808315,0.39430734662681954,0.21941434596362902,0.28604005792260095,0.02281835972987712,-0.754256042591761,18.65613808157,58900,FIC DE TIPO GENERAL,Credicorp Capital,0.0,RF_CORTO/MM
OLD MUTUAL FONDO DE INVERSIÓN COLECTIVA ABIERTO CON PACTO DE PERMANENCIA CAT I,502,2016-03-01,2018-12-01,34,False,0.62348696125383,4.807460335688818,0.029097613759514664,0.1313775664129355,0.80654973160229,0.0005416010343004071,0.0,1.14275002571,61997,FIC DE TIPO GENERAL,Skandia Fiduciaria S.A.,0.0,RF_CORTO/MM
OLD MUTUAL FONDO DE INVERSIÓN COLECTIVA LIQUIDEZ,800,2016-01-01,2019-08-01,44,False,0.45031755077057256,4.0945747699219215,0.16429886720169218,0.09995112755912576,0.8426566442624388,0.002364596874325004,0.0,1.8128241259000002,60619,FIC DE TIPO GENERAL,Skandia Valores S.A.,0.0,RF_CORTO/MM
INMOVAL FONDO INMOBILIARIO,800,2016-01-01,2026-09-01,129,True,3.3359055313451105,6.900123926394142,-0.06352800558641336,-0.08093766184704633,-0.1259953499513657,-0.010263068785395029,-6.519373799926198,2300.55445204972,59501,FIC INMOBILIARIAS,Credicorp Capital,2300.55445204972,RF_MEDIO_LARGO
FONDO DE INVERSIÓN COLECTIVA INMOBILIARIO DE RENTA DAVIVIENDA CORREDORES,800,2017-10-01,2026-09-01,108,True,2.9972549185418487,4.920635760054459,0.04855527144770668,0.045568480019396354,0.18570861450144346,0.007537055686667774,-5.038205284329367,1174.179573079,66082,FIC INMOBILIARIAS,Corredores Davivienda S.A.Co,1174.179573079,RF_MEDIO_LARGO
FONDO DE INVERSION COLECTIVA ABIERTO CON PACTO DE PERMANENCIA PLAN SEMILLA,800,2016-01-01,2026-09-01,129,True,2.6524195418493552,7.35175454499879,0.19746786488366325,0.1632968110509339,0.7743186209346411,0.025365120178592132,-4.297229296440341,707.45123767528,3049,FIC DE TIPO GENERAL,Fiduciaria Bancolombia S.A. ,707.45123767528,RF_MEDIO_LARGO
CREDICORP CAPITAL DEUDA CORPORATIVA,800,2016-01-01,2026-09-01,129,True,2.4277319465730995,6.96143979147541,0.17595004088417435,0.18259679032674037,0.7652478320301782,0.020686564913169222,-2.0697598431044684,456.09395139895,58883,FIC DE TIPO GENERAL,Credicorp Capital,522.10809967853,RF_MEDIO_LARGO
FONDO DE INVERSIÓN COLECTIVA INMOBILIARIO SURA AM RENTAS INMOBILIARIAS,501,2019-07-01,2026-09-01,87,True,6.193108404231015,4.7832293409519,0.04011314176719331,-0.029391305880654802,0.058773770414924535,0.013609517176135826,-7.473699812385459,297.73383746396,85697,FIC INMOBILIARIAS,Fiduciaria Bancolombia S.A. ,479.10805827532,RF_MEDIO_LARGO
FIC RENTA FIJA MEDIANO PLAZO MULTIESCALA,501,2017-08-01,2026-09-01,110,True,2.6616359145919497,6.8475805677455925,0.20102593749704542,0.173388467866289,0.7587954920122156,0.027455460363114612,-3.507289404265146,228.1445382488,59076,FIC DE TIPO GENERAL,Corredores Davivienda S.A.Co,258.51811952968,RF_MEDIO_LARGO
FIC CERRADO RENTA ALTERNATIVO GLOBAL,501,2022-03-01,2026-09-01,55,True,4.922097903624374,5.472177549280044,0.3177064783406462,0.40825362391609676,0.007890871229092822,0.07311992007406543,-8.568503604791822,210.16025890741,104377,FIC DE TIPO GENERAL,Fiduciaria Bancolombia S.A. ,255.43322726080999,RF_MEDIO_LARGO
FONDO DE INVERSIÓN COLECTIVA ABIERTO RENTA FIJA PLAZO,800,2016-01-01,2024-03-01,99,False,4.9099868712707835,6.768279053882864,0.2225319834972837,0.2516623510952045,0.5133243262654906,0.05468398201409318,-12.314519916132639,496.7355737968801,3814,FIC DE TIPO GENERAL,Fiduciaria Bancolombia S.A. ,252.28641619286063,RF_MEDIO_LARGO
UNIVERSITAS FONDO DE INVERSION COLECTIVA ABIERTO CON PACTO DE PERMANENCIA,800,2016-01-01,2026-09-01,129,True,3.227540267879893,5.503170603553809,0.22472852426360795,0.14557377501075702,0.6765150861647771,0.035125955294470226,-5.37536713254495,151.01898367823,61583,FIC DE TIPO GENERAL,"""Caja Social""",151.01898367823,RF_MEDIO_LARGO
CREDICORP CAPITAL RENTA FIJA COLOMBIA,800,2016-01-01,2024-11-01,107,False,4.625428535130963,6.811236389295194,0.29674233866075983,0.30566658181069856,0.5564628147458088,0.06683707896041029,-12.455294081879453,195.62194090968,58897,FIC DE TIPO GENERAL,Credicorp Capital,133.84092244543,RF_MEDIO_LARGO
ITAÚ LATIN AMERICAN CORPORATE CREDIT,534,2022-03-01,2026-09-01,55,True,5.883361691968488,10.480761079955524,0.4006569465824477,0.2978331493661333,0.27750832502902145,0.1102192914628827,-11.039200135760819,112.95806473348,104231+119170,FIC DE TIPO GENERAL,Itaú Comisionista De Bolsa,114.53892461026999,RF_MEDIO_LARGO
FONDO DE INVERSIÓN COLECTIVA INMOBILIARIO SIRENTA,800,2020-01-01,2026-09-01,81,True,2.1467775587821407,5.955223849605118,-0.1226251120066164,-0.10382890498393806,0.12665363773801355,-0.014902406376890876,-1.4974465998180642,112.75486874025,90278,FIC INMOBILIARIAS,Acciones Y Valores S.A.  Com,112.75486874025,RF_MEDIO_LARGO
FONDO DE INVERSION COLECTIVA ABIERTO CON PACTO PERMANENCIA ALIANZA RENTA FIJA 90,503,2017-01-01,2026-09-01,117,True,2.1433037155827157,6.267884319260952,0.07989211950673983,0.07257211163081859,0.8563112180619246,0.008548475800949184,-3.5400104606838845,22.32305650855,67404,FIC DE TIPO GENERAL,Alianza Fiduciaria S.A.,100.64677509074,RF_MEDIO_LARGO
FONDO DE INVERSION COLECTIVA ABIERTO RENTA FIJA PLUS,803,2021-03-01,2026-09-01,67,True,3.512535905340878,5.4448084497313864,0.09115499867045512,-0.22583037411881282,0.57714789077311,0.014154501558404748,-4.023596556233344,93.13120826316,59741,FIC DE TIPO GENERAL,Valores Bancolombia S.A. Com,93.69156252625,RF_MEDIO_LARGO
FONDO DE INVERSIÓN COLECTIVA RENTA FIJA LARGO PLAZO,501,2019-02-01,2026-09-01,92,True,4.881429223704116,6.401987044405133,0.2864059695522772,0.27633403512660354,0.612206019203899,0.07521249617826888,-12.628923403719906,76.17619440775,78886,FIC DE TIPO GENERAL,Corredores Davivienda S.A.Co,93.2122544559,RF_MEDIO_LARGO
FONDO DE INVERSION COLECTIVA INMOBILIARIO RENTA MAS,501,2021-01-01,2026-09-01,69,True,5.979381386269448,8.40096521729674,-0.1094136777932188,-0.10985983572642019,-0.06613539213647808,-0.02882938477806542,-1.08462031720844,56.10889220223,95234+130584,FIC INMOBILIARIAS,Fiduaval,93.13911644913,RF_MEDIO_LARGO
FONDO DE INVERSIÓN COLECTIVA ABIERTO CON PACTO DE PERMANENCIA ALTARENTA,524,2017-09-01,2026-09-01,109,True,2.2065284814181942,6.711936823003373,0.11562824029147256,0.07619998200209256,0.7938151649965817,0.013152309504354538,-2.029370838485667,59.858844055599995,70843+129895,FIC DE TIPO GENERAL,Fiduaval,91.33002418670999,RF_MEDIO_LARGO
FONDO DE INVERSIÓN COLECTIVA SKANDIA MULTIPLAZO,503,2016-01-01,2026-09-01,129,True,2.5847712521704276,6.8821977527764755,0.21589002338505262,0.20813465674128614,0.7071759033566385,0.02702420726890613,-4.652944139338777,11.496160059424499,51959,FIC DE TIPO GENERAL,Skandia Fiduciaria S.A.,83.66431623611984,RF_MEDIO_LARGO
FONDO DE INVERSION COLECTIVA DAVIPLUS RENTA FIJA PESOS,800,2016-01-01,2026-09-01,129,True,2.3818132367872917,6.059061248815856,0.27500197592333786,0.22989216547777244,0.7444616366986136,0.03172062923863301,-2.7530556604299594,75.86592472861,9792,FIC DE TIPO GENERAL,Fiduciaria Davivienda S.A. P,75.86592472861,RF_MEDIO_LARGO
FONDO DE INVERSION COLECTIVA ABIERTO RENTA FUTURO,803,2021-03-01,2026-09-01,67,True,4.060800250049891,6.9907412829547155,0.29009193228561836,0.49183166934201866,0.4896401304220784,0.052076357195637794,-5.543244639020828,69.65025779952,93625,FIC DE TIPO GENERAL,Valores Bancolombia S.A. Com,69.65025779952,RF_MEDIO_LARGO
FONDO DE INVERSION COLECTIVA DIVERSIFICADO CONSERVADOR,501,2023-08-01,2026-09-01,38,True,2.3894349030961193,9.716639773149115,0.15894728631158297,0.307488559009632,0.785983696268266,0.015579387561803638,-0.675054740775971,61.92955276561,113658,FIC DE TIPO GENERAL,Corredores Davivienda S.A.Co,61.92955276561,RF_MEDIO_LARGO
CREDICORP CAPITAL DEUDA CORPORATIVA LATAM,817,2020-09-01,2026-09-01,73,True,5.1817515912021666,5.932885744799066,0.26536691748028074,0.44928808497277634,0.2977622323285227,0.06333171088105301,-12.352269716916153,49.83697631581,67066,FIC DE TIPO GENERAL,Credicorp Capital,60.78509462388,RF_MEDIO_LARGO
FONDO DE INVERSION COLECTIVA ABIERTO SIN PACTO DE PERMANENCIA RENTA FIJA RECURRENTE,502,2020-11-01,2026-09-01,71,True,4.989470150906566,7.661047644766117,0.25179402725696703,0.464361909244777,0.23799379338617693,0.05767321309781602,-8.510046527124803,47.89352176107,93761+130524,FIC DE TIPO GENERAL,Fiduaval,54.38409167391001,RF_MEDIO_LARGO
FONDO DE INVERSIÓN COLECTIVA CERRADO SENTENCIAS NACIÓN ALIANZA,501,2021-04-01,2026-09-01,66,True,2.6577001718338775,12.708731010759088,-0.05340239115397313,0.040350395149184655,0.37966808938358065,-0.006300421945903591,-3.525049605193009,23.80962737975,97588,FIC DE TIPO GENERAL,Alianza Fiduciaria S.A.,49.336745157959996,RF_MEDIO_LARGO
FONDO DE INVERSIÓN COLECTIVA ABIERTO CON PACTO DE PERMANENCIA Y PARTICIPACIONES DIFERENCIALES BBVA,801,2020-04-01,2026-09-01,78,True,2.1405524258405846,7.626354252373124,-0.03668079203013051,0.009687021155704613,0.9005474405291508,-0.003588728632300064,-0.8635763844383582,48.11182743168,8686,FIC DE TIPO GENERAL,Bbva Asset Management S.A. S,48.11182743168,RF_MEDIO_LARGO
FONDO CERRADO SENTENCIAS NACIÓN II ALIANZA,501,2022-01-01,2026-09-01,57,True,3.638506555316058,11.482033979006378,-0.04722713713755756,0.1603955577892561,0.49038556303784203,-0.008001589563751355,-5.392137926523977,26.04242789966,102610,FIC DE TIPO GENERAL,Alianza Fiduciaria S.A.,46.381752653279996,RF_MEDIO_LARGO
F.I.C. DEUDA CORPORATIVA,800,2018-04-01,2026-09-01,102,True,2.7289762778014386,6.957658955422841,0.10434252574430362,0.10788195126620305,0.8228392683740262,0.014988121575297646,-2.339012136407559,42.84894598879,76412,FIC DE TIPO GENERAL,Fiduaval,42.84894598879,RF_MEDIO_LARGO
FONDO DE INVERSIÓN COLECTIVA ABIERTO BBVA PÁRAMO,501,2020-12-01,2026-09-01,70,True,5.909488106370656,5.650011468653204,0.10443985863601035,-0.015994923292749513,0.5920850075935294,0.02774491624151812,-11.573623789427224,39.086172841330004,95249,FIC DE TIPO GENERAL,Bbva Asset Management S.A. S,39.086172841330004,RF_MEDIO_LARGO
FIC SURA RENTA FIJA COLOMBIA,501,2021-12-01,2026-09-01,58,True,2.920028355957401,9.81141144438611,0.008564888855798362,0.04818822162020166,0.8234894079103997,0.0011547119220283136,-1.1296407924003882,35.6976447717,101471,FIC DE TIPO GENERAL,Fiduciaria Sura S.A.,37.29710133657999,RF_MEDIO_LARGO
ACCIVAL RENTA FIJA 180,800,2018-11-01,2026-09-01,95,True,3.033977748257052,7.830429797221639,0.16922588250678114,0.14446713819483448,0.7837759931792562,0.027510313998876358,-1.7375869561879753,30.49586256829,80428,FIC DE TIPO GENERAL,Acciones Y Valores S.A.  Com,30.49586256829,RF_MEDIO_LARGO
FONDO CERRADO INMOBILIARIO ALIANZA,800,2017-12-01,2026-09-01,106,True,5.417520467632732,1.115285856431747,-0.15680625092429507,0.039731091043335914,-0.015881895739660895,-0.044341511862119515,-11.514333353074003,27.44853967896,34163,FIC INMOBILIARIAS,Alianza Fiduciaria S.A.,27.44853967896,RF_MEDIO_LARGO
FONDO DE INVERSIÓN COLECTIVA ABIERTO CON PACTO DE PERMANENCIA SCOTIA DEUDA PÚBLICA COLOMBIA,806,2023-10-01,2026-09-01,36,True,3.3109014798801564,8.232319858051484,0.21987678730016516,0.021609143574419214,0.6245748911646851,0.028752744583775424,-2.6157718956557496,22.661818230639998,115734,FIC DE TIPO GENERAL,Fiduciaria Davibank,25.3666160738,RF_MEDIO_LARGO
FIDUCOLDEX CAPITAL INTELIGENTE FONDO DE INVERSION COLECTIVA,800,2016-05-01,2025-09-01,113,False,2.331853283365554,6.6415199862106755,0.2194789525303131,0.19728888161680808,0.7909401001399241,0.02462148332704679,-2.9570802328116708,20.748819515919998,62633,FIC DE TIPO GENERAL,Fiducoldex,23.05471234967,RF_MEDIO_LARGO
FONDO DE INVERSION COLECTIVA ABIERTO ITAU MEDIANO PLAZO,536,2024-03-01,2026-09-01,31,True,2.778954259538061,6.64011700547098,-0.06198480319821511,0.09449683334980642,0.8315524259877478,-0.007036202188415157,-2.075467462105529,21.45724496288,119143,FIC DE TIPO GENERAL,Itaú Comisionista De Bolsa,21.45724496288,RF_MEDIO_LARGO
FONDO DE INVERSION COLECTIVA CERRADO INMOBILIARIO PROGRESION RENTAR II,800,2018-02-01,2026-09-01,104,True,6.384071811723505,12.75155518860358,0.060152676177598015,-0.010229436806541587,0.034536533552396845,0.020168724047736467,-3.969439948805742,21.20453643709,74841+106817,FIC INMOBILIARIAS,Progresion Scb,21.20453643709,RF_MEDIO_LARGO
FIC MULTIESTRATEGIA ESTABLE,501,2022-05-01,2026-09-01,53,True,3.267853201441276,7.975243869891169,0.3957638527243044,0.2804624960557142,0.06777179068809955,0.0602792801661382,-4.033689655711948,13.350724426260001,105786,FIC DE TIPO GENERAL,Bbva Asset Management S.A. S,13.350724426260001,RF_MEDIO_LARGO
CREDICORP CAPITAL BALANCEADO III,800,2016-01-01,2026-09-01,129,True,5.631569720007318,7.252653158437639,0.24156572729786027,0.32890516985092927,0.25915087044328855,0.06588143616650259,-8.01494210047281,9.29972139297,58927,FIC DE TIPO GENERAL,Credicorp Capital,9.29972139297,RF_MEDIO_LARGO
FONDO DE INVERSIÓN COLECTIVA ABIERTO CON PACTO DE PERMANENCIA ÓPTIMO,800,2016-01-01,2026-09-01,129,True,6.011494250816725,4.992183849960341,0.12330557677904604,0.18322636559272648,0.3814915352092678,0.035897436016682494,-19.12262772205313,3.5891679300500003,29495+129190,FIC DE TIPO GENERAL,Fiduaval,3.5891679300500003,RF_MEDIO_LARGO
BTG PACTUAL ALTA DURACION COLOMBIA,401,2022-09-01,2026-08-01,48,False,6.963968460211241,15.352031988693927,-0.08989813643419362,-0.08978953333136658,0.7001835173091868,-0.0266453948285028,-3.8364521781232397,67.98830820219,108638,FIC DE TIPO GENERAL,Btg Pactual,0.0,RF_MEDIO_LARGO
BTG PACTUAL DINAMICO,403,2021-09-01,2026-08-01,60,False,6.013144314147331,10.812684189470612,0.21076310615809987,0.49420243615992115,0.5356490307106216,0.05749405148222199,-4.68602468719893,17.753951315,100095,FIC DE TIPO GENERAL,Btg Pactual,0.0,RF_MEDIO_LARGO
CASA DE BOLSA QUIMBAYA FONDO ABIERTO CON PACTO DE PERMANENCIA,800,2016-01-01,2018-03-01,27,False,3.1592936086840258,7.322758802231566,0.2772435183665819,0.24765081126745328,0.4768549889053125,0.02507059449796474,-1.4161535753602794,5.53970645912,58908,FIC DE TIPO GENERAL,Aval Casa De Bolsa S.A.,0.0,RF_MEDIO_LARGO
FIC GESTIÓN,800,2016-01-01,2021-07-01,67,False,2.791580182530702,1.879928183766566,-0.02585258208708485,-0.004545096885883064,0.37953964222690434,-0.0037295321472103284,-6.279428539929411,0.0009512485,16373,FIC DE MERCADO MONETARIO,Fiduciaria Sura S.A.,0.0,RF_MEDIO_LARGO
FONDO CERRADO ALIANZA RENTA FIJA LOCAL AAA,503,2022-01-01,2023-12-01,24,False,3.7226644179138404,6.97768309948783,-0.14759127424391583,-0.008218453948487916,0.916777867442098,-0.02877007288207772,-4.5560127836242525,2.9856455664299997,102184,FIC DE TIPO GENERAL,Alianza Fiduciaria S.A.,0.0,RF_MEDIO_LARGO
FONDO CERRADO ALIANZA RENTA FIJA LOCAL AAA NO. 2,502,2022-08-01,2024-08-01,25,False,3.0583977776335964,12.676937298851998,-0.2926846643286853,-0.2218237644528599,0.9032023319770466,-0.03653188176703843,-0.42660834132689507,3.3497191635,107463,FIC DE TIPO GENERAL,Alianza Fiduciaria S.A.,0.0,RF_MEDIO_LARGO
FONDO DE INVERSION COLECTIVA ABIERTO CON PACTO DE PERMANENCIA AVANZAR 180 DIAS,502,2017-11-01,2022-10-01,59,False,2.3108278386732013,3.473051358105117,0.02224657083740981,0.05393829178023755,0.42599938247138014,0.003039739792219138,-6.076338158743566,0.61265923545,72576,FIC DE TIPO GENERAL,Fiduciaria Coomeva S.A.,0.0,RF_MEDIO_LARGO
FONDO DE INVERSION COLECTIVA ABIERTO CON PACTO DE PERMANENCIA BTG PACTUAL RENTA FIJA COLOMBIA,401,2016-01-01,2026-08-01,128,False,3.1183091360207342,9.523822981112628,0.2047743539438524,0.12427852867854793,0.7526999123707485,0.031009974913489675,-2.3037810708482653,157.01721990116,58877,FIC DE TIPO GENERAL,Btg Pactual,0.0,RF_MEDIO_LARGO
FONDO DE INVERSION COLECTIVA ABIERTO CON PACTO DE PERMANENCIA ITAU LARGO PLAZO,800,2016-01-01,2023-02-01,86,False,4.158506825608337,3.029117213025012,0.32377112911059514,0.3302250807450982,0.4424513995125106,0.06916316394826225,-16.665836953322287,2.91621225791,15397,FIC DE TIPO GENERAL,Itaú Fiduciaria,0.0,RF_MEDIO_LARGO
FONDO DE INVERSION COLECTIVA ABIERTO CON PACTO DE PERMANENCIA ITAU MEDIANO PLAZO,800,2016-01-01,2023-02-01,86,False,2.1428636140102157,5.159657166146214,0.3270847121713473,0.2613069697541543,0.6633170453731266,0.03600427666545296,-4.020202890821256,24.95298579816,10650,FIC DE TIPO GENERAL,Itaú Fiduciaria,0.0,RF_MEDIO_LARGO
FONDO DE INVERSION COLECTIVA ABIERTO INVERTIR ADCAP GLOBAL,800,2016-09-01,2018-08-01,24,False,7.083490430382779,-0.6374336120961943,-0.12379809501337607,0.2825578389680342,-0.029468157933290173,-0.024593429377517625,-7.45219254410755,1.91207294774,64546,FIC DE TIPO GENERAL,Progresion Scb,0.0,RF_MEDIO_LARGO
FONDO DE INVERSION COLECTIVA CERRADO GLOBAL SECURITIES CREDIT OPPORTUNITIES FUND FACTURAS,588,2016-01-01,2024-09-01,105,False,4.939281059438153,3.5489212333775777,-0.0339039219934513,0.09900094068741734,0.06653802278680879,-0.008213439871257312,-11.719417714731916,5.522008169819999,59354,FIC DE TIPO GENERAL,Global Securities S.A. Comis,0.0,RF_MEDIO_LARGO
FONDO DE INVERSION COLECTIVA CERRADO GLOBAL SECURITIES CREDIT OPPORTUNITIES FUND TITULOS VALORES,588,2016-01-01,2024-09-01,105,False,2.711785805982166,7.087004578975331,-0.014889783671966939,0.007678409685352246,0.2678706058516088,-0.0019804102881875044,-4.224110937037739,39.626855717379996,59356,FIC DE TIPO GENERAL,Global Securities S.A. Comis,0.0,RF_MEDIO_LARGO
FONDO DE INVERSION COLECTIVA INMOBILIARIA PLENTIA RENTAS,800,2019-04-01,2022-03-01,36,False,6.07713608842805,6.227827942966591,-0.07854957488442532,0.1682676597858064,-0.03164767299831589,-0.03082118769202105,-9.649268752545048,2.6812705219099997,83516,FIC INMOBILIARIAS,Larrain Vial Colombia S.A.  ,0.0,RF_MEDIO_LARGO
FONDO DE INVERSIÓN COLECTIVA ABIERTO BTG PACTUAL DEUDA PÚBLICA,501,2016-01-01,2019-03-01,39,False,4.260968912472835,8.907217879706696,0.34440593101979106,0.15870547226784523,0.3577711303965753,0.04697835132806641,-1.7567893104495025,0.02912705798,58684,FIC DE TIPO GENERAL,Btg Pactual,0.0,RF_MEDIO_LARGO
FONDO DE INVERSIÓN COLECTIVA ABIERTO CON PACTO DE PERMANENCIA POR 30 DÍAS DE NATURALEZA APALANCADA,800,2016-01-01,2018-03-01,27,False,2.6635030723351223,2.453752906354567,0.24336439249948533,-0.45926867545153616,0.08599091651770464,0.018553398787299672,-2.874261806453582,0.75228531662,60070,FIC DE TIPO GENERAL,Ultraserfinco S.A.,0.0,RF_MEDIO_LARGO
FONDO DE INVERSIÓN COLECTIVA ABIERTO CON PACTO DE PERMANENCIA ULTRAINVERSIÓN,800,2016-01-01,2020-06-01,54,False,7.509757305979205,4.9811174617749865,-0.023494718064335895,0.01192569479060575,0.0237743799937989,-0.009127481504062012,-11.481827504083796,6.87206232366,60349,FIC DE TIPO GENERAL,Ultraserfinco S.A.,0.0,RF_MEDIO_LARGO
FONDO DE INVERSIÓN COLECTIVA CERRADO ACCIVAL ESTRUCTURADO II,800,2018-03-01,2021-04-01,38,False,5.087951642775911,-2.333963562402286,-0.18679857566873095,-0.17166131029954745,-0.09354693966072215,-0.061085939221950505,-10.686625876678391,20.683420467599998,75993,FIC DE TIPO GENERAL,Acciones Y Valores S.A.  Com,0.0,RF_MEDIO_LARGO
FONDO DE INVERSIÓN COLECTIVA CERRADO ACCIVAL RENTA FIJA 24M,800,2022-07-01,2024-06-01,24,False,4.787972546579093,1.1313381371694131,-0.3162912613077917,0.2942119019446679,0.3560407952505638,-0.06621372533276434,-4.383649597986794,11.067331157709999,107027,FIC DE TIPO GENERAL,Acciones Y Valores S.A.  Com,0.0,RF_MEDIO_LARGO
FONDO DE INVERSIÓN COLECTIVA CERRADO BTG PACTUAL CREDIVALORES I,501,2016-01-01,2026-03-01,123,False,2.438727677606808,11.689087905280937,-0.025629524381971924,0.03084644297506608,0.36833976796383405,-0.0030775762790880637,-4.111778387985376,2.61633526867,60200,FIC DE TIPO GENERAL,Btg Pactual,0.0,RF_MEDIO_LARGO
FONDO DE INVERSIÓN COLECTIVA CERRADO BTG PACTUAL CRÉDITO,501,2016-01-01,2022-06-01,78,False,4.316694080061052,3.9824562009723508,-0.04936145227033379,-0.09081770760158377,0.422945579703878,-0.010568277413395836,-12.12491454597422,0.00475086755,60273,FIC DE TIPO GENERAL,Btg Pactual,0.0,RF_MEDIO_LARGO
FONDO DE INVERSIÓN COLECTIVA CON PACTO DE PERMANENCIA SKANDIA DINÁMICO,503,2021-04-01,2024-06-01,39,False,4.595338314292718,2.621144752947524,0.12183849508979486,0.363878788114324,0.5615684421840643,0.025377841261045548,-9.639637211217078,0.304428718059206,97207,FIC DE TIPO GENERAL,Skandia Fiduciaria S.A.,0.0,RF_MEDIO_LARGO
FONDO DE INVERSIÓN COLECTIVA INMOBILIARIO VISUM RENTAS INMOBILIARIAS,402,2017-06-01,2026-08-01,88,False,2.20150187811767,4.253593891614704,-0.06646389329990796,-0.023562925235902664,-0.0022038619790432537,-0.008054727341027551,-9.072699924651717,1263.47906963553,60348,FIC INMOBILIARIAS,Btg Pactual,0.0,RF_MEDIO_LARGO
FONVAL DEUDA PUBLICA MEDIANO PLAZO,800,2016-01-01,2018-01-01,25,False,2.8058975736006215,6.162530065326477,0.2151044973259821,0.20331587178349983,0.3692154884400163,0.015353507621167767,-1.273743448844189,6.237861668770001,58903,FIC DE TIPO GENERAL,Credicorp Capital,0.0,RF_MEDIO_LARGO
FONDO DE INVERSION COLECTIVA CERRADO ACCICOLF VANGUARDIA ACCIONES ORDINARIAS,800,2017-11-01,2026-09-01,107,True,21.999688630690247,7.09069292121296,0.1413292135706098,0.08453002338520714,0.037301883595812324,0.16151734836961718,-45.62630722994561,115.94853290443,72409+129937,FIC DE TIPO GENERAL,Fiduaval,115.94853290443,RV/ALTERNATIVO_OTRO
FONDO DE INVERSIÓN COLECTIVA CERRADO INMOBILIARIO GRANDES SUPERFICIES,800,2019-10-01,2026-09-01,84,True,10.174240669806075,12.50253519944673,0.10090976185759322,0.24629023102710276,0.018870283512179484,0.05722844806395195,-10.899968429617935,108.36559598628999,81171,FIC INMOBILIARIAS,Skandia Fiduciaria S.A.,108.36559598628999,RV/ALTERNATIVO_OTRO
CREDICORP CAPITAL DOLAR EFECTIVO,800,2020-07-01,2026-09-01,75,True,11.312311623342017,0.056858575929541466,-0.441411642821932,0.28487906772965055,-0.11064830519249483,-0.230943564998766,-24.781114361292,66.80109858816,93198,FIC DE TIPO GENERAL,Credicorp Capital,67.74687396505,RV/ALTERNATIVO_OTRO
FONDO BURSÁTIL GLOBAL X TES COLOMBIA COP GBI EM ID ETF,800,2024-04-01,2026-09-01,30,True,8.214857280360203,6.276670545132301,0.24476170822192145,-0.08384767310189145,0.5865591810723603,0.08230843776682048,-6.005676682508465,64.1229434161396,118898+131893,FIC BURSATILES,Fiduaval,64.1229434161396,RV/ALTERNATIVO_OTRO
CREDICORP CAPITAL ACCIONES LATAM,800,2021-07-01,2026-09-01,63,True,18.148588762088426,0.21605779493620858,0.33545865568569444,0.399697463840817,0.014639006868137896,0.2728650290835149,-23.064805169249947,54.46315616618,99106,FIC DE TIPO GENERAL,Credicorp Capital,56.16975769199,RV/ALTERNATIVO_OTRO
FONDO DE INVERSION COLECTIVA CERRADA OCCIDECOL,800,2016-01-01,2026-09-01,129,True,53.60036033159352,0.16029443833671664,-0.1831146809296355,-0.009617482715918235,0.15278076177550023,-0.475323349485543,-85.67341798228071,27.165015957919998,58750+129659,FIC DE TIPO GENERAL,Fiduaval,27.165015957919998,RV/ALTERNATIVO_OTRO
CARTERA COLECTIVA ESCALONADA INTERBOLSA CREDIT,588,2016-01-01,2024-09-01,105,False,59.357673316974854,27.756819102166986,-0.1973693234453019,-0.1111917555935475,-0.0784086718501581,-0.5746030464029265,-71.99638452722814,24.20322619143,59500,FIC DE TIPO GENERAL,Global Securities S.A. Comis,21.811041414580004,RV/ALTERNATIVO_OTRO
FIC ACCIONES GLOBALES,501,2016-01-01,2026-09-01,129,True,18.11126914176188,1.2256711689681898,0.7437579242573766,0.6657813208251,0.0564310502282489,0.6523471439100572,-36.733159323418164,18.02431180272,59079,FIC DE TIPO GENERAL,Corredores Davivienda S.A.Co,18.73231531117,RV/ALTERNATIVO_OTRO
FONDO DE INVERSION COLECTIVA ABIERTO LIQUIDEZ DOLAR,501,2022-11-01,2026-09-01,47,True,10.055361284385118,-8.125773543665138,-0.2267171896986964,0.45321750384560927,-0.05578457316186082,-0.09276275103191028,-29.18994355244252,18.621546509599998,108266,FIC DE TIPO GENERAL,Corredores Davivienda S.A.Co,18.621546509599998,RV/ALTERNATIVO_OTRO
FONDO DE INVERSIÓN COLECTIVA ABIERTO CON PACTO DE PERMANENCIA CUBRIR BALANCEADO INTERNACIONAL,532,2018-04-01,2026-09-01,102,True,8.911887501048882,1.6771476539457097,-0.24629903947217327,0.3488615272987332,-0.20355762581548734,-0.11553631594079938,-27.60046056349963,4.49137433164,29497+129191,FIC DE TIPO GENERAL,Fiduaval,6.21594816359,RV/ALTERNATIVO_OTRO
CREDICORP CAPITAL INNOVACIÓN LATAM,801,2022-12-01,2026-09-01,46,True,24.95957738750247,-15.681392131958471,0.15112147507180063,0.2795469572840581,-0.2780798527548829,0.15457924114022487,-53.169296303680994,0.67922489116,110574,FIC DE TIPO GENERAL,Credicorp Capital,3.0335849828599994,RV/ALTERNATIVO_OTRO
FONDO CERRADO ALIANZA ALTERNATIVOS LOCAL LARGO PLAZO 7 AÑOS,506,2024-02-01,2026-09-01,32,True,9.055315418838715,22.76428314338972,0.1526568254782586,-0.13122623525563365,-0.12530496129766985,0.05560460524588931,-1.7177618707038822,1.63266219819,117569,FIC DE TIPO GENERAL,Alianza Fiduciaria S.A.,2.7162043528299997,RV/ALTERNATIVO_OTRO
CARTERA COLECTIVA ESCALONADA INTERBOLSA FACTORING,588,2016-01-01,2024-09-01,105,False,39.289232750397424,11.52410003660087,-0.1526464103451927,-0.09068689415337991,-0.0749133857094937,-0.29415182431710685,-57.79958078041396,0.47327929739999997,59505,FIC DE TIPO GENERAL,Global Securities S.A. Comis,0.35448406979,RV/ALTERNATIVO_OTRO
BTG PACTUAL LIQUIDEZ DOLARES,401,2022-07-01,2026-08-01,50,False,11.426084563154875,-4.188244388123619,-0.18856988675182515,0.4806078876564295,-0.11193812675037944,-0.0938346945138065,-29.55353904987319,16.926529334959998,107024,FIC DE TIPO GENERAL,Btg Pactual,0.0,RV/ALTERNATIVO_OTRO
CASA DE BOLSA ACCIONES GLOBALES FONDO ABIERTO CON PACTO DE PERMANENCIA,800,2016-01-01,2018-03-01,27,False,13.144127592018615,4.136844171461362,-0.263253284202955,0.2671291531578334,0.0018176087602972955,-0.09904186417165017,-9.144633277278658,9.184690176870001,58743,FIC DE TIPO GENERAL,Aval Casa De Bolsa S.A.,0.0,RV/ALTERNATIVO_OTRO
CREDICORP CAPITAL ESTRATEGICO,800,2016-01-01,2024-11-01,107,False,12.684555647332457,6.72156198410887,0.6811771662479005,0.7040780529489808,0.0725263102812282,0.42074727360925473,-26.378749979725423,2.31779534057,58928,FIC DE TIPO GENERAL,Credicorp Capital,0.0,RV/ALTERNATIVO_OTRO
F.I.C. CON PACTO DE PERMANENCIA MULTIPLICAR,800,2016-01-01,2023-12-01,96,False,8.058172952093946,0.1370210662161142,0.046661882720983226,0.11450684970069071,-0.2202129531384364,0.01898622720667589,-34.327390538264346,2.5039970097800004,9641,FIC DE TIPO GENERAL,Fiduaval,0.0,RV/ALTERNATIVO_OTRO
FIC CERRADO RENTA FIJA II,800,2022-06-01,2026-05-01,48,False,10.635902974901795,-0.08341967576590559,-0.14820084092755462,0.10367667240284824,0.15016450757438118,-0.07653047249683614,-21.059592446548624,0.0,105973,FIC DE TIPO GENERAL,Fiduciaria Bancolombia S.A. ,0.0,RV/ALTERNATIVO_OTRO
FIC COLECTIVO II,800,2016-01-01,2021-12-01,72,False,34.82297217429062,-8.452932432756866,-0.020199751811192976,0.005190708000154057,0.28287000454063876,-0.035430656520125337,-56.968302177981265,0.0,53967,FIC DE TIPO GENERAL,Fiduciaria Sura S.A.,0.0,RV/ALTERNATIVO_OTRO
FIC FACTOR FUTURO - EN LIQUIDACIÓN,800,2016-01-01,2019-11-01,47,False,172.81341646680636,100.60602686336968,0.16745097398940767,0.1527429944048694,0.2761122651864013,0.9004776720414072,-47.30177250952033,9.16739272118,59201,FIC DE TIPO GENERAL,Corredores Davivienda S.A.Co,0.0,RV/ALTERNATIVO_OTRO
FONDO ABIERTO ALIANZA CON PACTO DE PERMANENCIA MÍNIMA DIVERSIFICACIÓN INMOBILIARIA COLOMBIA,501,2020-03-01,2026-02-01,72,False,29.067143318324746,-6.068862628138194,-0.09903608637168236,-0.14839111635767807,0.1221366403822919,-0.16786418651685472,-55.95517328205124,0.03117990202,91394,FIC DE TIPO GENERAL,Alianza Fiduciaria S.A.,0.0,RV/ALTERNATIVO_OTRO
FONDO ABIERTO CON PACTO DE PERMANENCIA ALIANZA RENTA FIJA GLOBAL.,507,2018-02-01,2022-09-01,56,False,31.148983966127936,11.54162495847515,0.09037347332781807,0.04803524154204148,0.35838413109199874,0.16755561024498958,-26.87072060321517,0.05675699613,67405,FIC DE TIPO GENERAL,Alianza Fiduciaria S.A.,0.0,RV/ALTERNATIVO_OTRO
FONDO CERRADO MAS COLOMBIA OPPORTUNITY,800,2016-01-01,2023-12-01,96,False,19.050716375328278,8.000975321559011,-0.03306292367418075,-0.20747027379032856,0.16604987420952208,-0.03180478011892267,-22.44768649221307,2.47436790277,25743+25826,FIC DE TIPO GENERAL,Alianza Fiduciaria S.A.,0.0,RV/ALTERNATIVO_OTRO
FONDO DE CAPITAL PRIVADO 90º NORTE,800,2016-01-01,2017-12-01,24,False,12.857161831815231,-0.45047634187252994,-0.04406830726752287,0.008938835141649467,0.39241443356490563,-0.014389247258454547,-13.49497035469841,0.0,58731,FIC INMOBILIARIAS,Acciones Y Valores S.A.  Com,0.0,RV/ALTERNATIVO_OTRO
"FONDO DE INVERSION COLECTIVA ""SERFINCO AIC CORPORACION FINANCIERA DE COLOMBIA""",800,2016-01-01,2019-02-01,38,False,23.412308485836622,-17.223865676395565,0.5639989322146765,0.4524964799337036,0.022276846900039504,0.42541393962515617,-56.136420866548555,0.54309636237,58451,FIC DE TIPO GENERAL,Ultraserfinco S.A.,0.0,RV/ALTERNATIVO_OTRO
"FONDO DE INVERSION COLECTIVA ""SERFINCO AIC ECOPETROL""",800,2016-01-01,2020-06-01,54,False,40.19416512209834,16.981934531751207,0.7716814125605452,0.7026730559842809,0.10647694964387212,1.6045596748479405,-51.09457012009373,5.56699046659,58437,FIC DE TIPO GENERAL,Ultraserfinco S.A.,0.0,RV/ALTERNATIVO_OTRO
"FONDO DE INVERSION COLECTIVA ""SERFINCO AIC GRUPO ARGOS""",800,2016-01-01,2020-06-01,54,False,24.792236850196968,-13.003497573448442,0.7596307186187479,0.4573111864335286,0.23569609860847884,0.9742559182906961,-58.005643601310155,2.06345748267,58452,FIC DE TIPO GENERAL,Ultraserfinco S.A.,0.0,RV/ALTERNATIVO_OTRO
FONDO DE INVERSION COLECTIVA ABIERTO CON PACTO DE PERMANENCIA CG SMALL CAPS ANDINO,800,2016-01-01,2019-05-01,41,False,14.503600890447386,14.120446686323461,0.33680185601975876,0.4242129891088322,0.20934794393467862,0.15435064475477267,-16.585905792502885,30.2644147255,59345,FIC DE TIPO GENERAL,Vinci Compass S.A.,0.0,RV/ALTERNATIVO_OTRO
"FONDO DE INVERSION COLECTIVA CERRADO INMOBILIARIO ""PROGRESION RENTAR 2015""",800,2017-01-01,2022-05-01,65,False,15.782794042382545,7.586458725139966,0.07260732673244547,-0.08154966051727076,-0.06463418681385834,0.06041241314565311,-23.01684746148316,79.24878319441001,66509,FIC INMOBILIARIAS,Progresion Sociedad Administ,0.0,RV/ALTERNATIVO_OTRO
FONDO DE INVERSION COLECTIVA CERRADO INMOBILIARIO PROGRESIÓN RENTAR 2015,800,2022-07-01,2025-12-01,42,False,20.087597509134284,25.321935027995757,-0.029745298929111454,-0.0694666423783347,-0.053750669617012074,-0.023040589160572455,-5.282182296748806,161.39379154029,106814,FIC INMOBILIARIAS,Progresion Scb,0.0,RV/ALTERNATIVO_OTRO
FONDO DE INVERSION COLECTIVA CERRADO RENTA CRÉDITO,588,2016-01-01,2024-09-01,105,False,8.426446269011514,4.832367596735154,-0.03158326193016248,0.033840340724389295,0.11436399264458122,-0.013053075212058281,-24.35130609800976,29.89264609703,59355,FIC DE TIPO GENERAL,Global Securities S.A. Comis,0.0,RV/ALTERNATIVO_OTRO
FONDO DE INVERSIÓN COLECTIVA ABIERTO CON PACTO DE PERMANENCIA ALIANZA RENTA FIJA MERCADOS EMERGENTE,506,2018-02-01,2025-12-01,95,False,11.350322875576024,5.906252857894567,-0.3249922183553254,0.06253560073519862,-0.07330703792430249,-0.19057944223696283,-17.422245561178162,2.12208282802,73723,FIC DE TIPO GENERAL,Alianza Fiduciaria S.A.,0.0,RV/ALTERNATIVO_OTRO
FONDO DE INVERSIÓN COLECTIVA ABIERTO CON PACTO DE PERMANENCIA BTG PACTUAL RENTA FIJA INTERNACIONAL,402,2017-09-01,2026-08-01,108,False,10.621354904064313,2.216597745483484,-0.3804125568386145,0.16379550725142697,-0.11755730938134543,-0.20898991994654792,-23.412407553054525,4.77530171132,71259,FIC DE TIPO GENERAL,Btg Pactual,0.0,RV/ALTERNATIVO_OTRO
FONDO DE INVERSIÓN COLECTIVA ABIERTO SIN PACTO DE PERMANENCIA DOLAR EFECTIVO,800,2016-01-01,2019-11-01,47,False,11.899903248187325,0.1460662116769429,-0.4636686688641995,-0.3354964723455951,-0.1339706861447244,-0.17169553271228596,-16.521842563287336,0.26356810758,60342,FIC DE TIPO GENERAL,Ultraserfinco S.A.,0.0,RV/ALTERNATIVO_OTRO
FONDO DE INVERSIÓN COLECTIVA CERRADO CON PLAZO DE REDENCIÓN INVERTIR EN ALTERNATIVOS CLASE 1,800,2016-01-01,2021-12-01,72,False,8.252161874468818,2.8215441611297853,-0.12163390115126292,-0.14697894912503384,0.11554382918802567,-0.05055797898896905,-8.742289843826567,13.50191612479,60528,FIC DE TIPO GENERAL,Progresion Scb,0.0,RV/ALTERNATIVO_OTRO
FONDO DE INVERSIÓN COLECTIVA CERRADO CON PLAZO DE REDENCIÓN INVERTIR EN ALTERNATIVOS CLASE 2,800,2016-01-01,2021-12-01,72,False,12.9758358488972,6.5397373917321255,-0.12148952870319273,-0.14742273632128958,0.035819562695055214,-0.07940384275879149,-11.651476159540819,4.1283474231,60532,FIC DE TIPO GENERAL,Progresion Scb,0.0,RV/ALTERNATIVO_OTRO
FONDO DE INVERSIÓN COLECTIVA INMOBILIARIO DESARROLLO COLOMBIA I,800,2016-11-01,2024-11-01,97,False,20.133166743555307,49.6239024090694,0.10246020476433661,-0.028530369191768604,-0.29460565286736706,0.10372913111047433,-10.234786288343445,4.0101082214,63935,FIC INMOBILIARIAS,Corredores Davivienda S.A.Co,0.0,RV/ALTERNATIVO_OTRO
FONDO DE INVESRION COLECTIVA AFIN-FACTORING EN LIQUIDACION,800,2016-01-01,2018-03-01,27,False,377.64255850499893,9803.294466113133,-0.11826220086218875,0.21718387717680313,0.14975268742784123,-1.2783216084856166,-22.018458036278943,0.07643442587,60604,FIC DE TIPO GENERAL,Ualet S.A. Comisionista De B,0.0,RV/ALTERNATIVO_OTRO
FONDO INMOBILIARIO FIDUPAÍS FIC CERRADO NO. 1 EN DERECHOS FIDUCIARIOS SOBRE INMUEBLES,588,2017-01-01,2024-08-01,92,False,29.295866064577712,-20.380171290156557,0.052014595208017975,0.10083264434162405,-0.0914999073884439,0.07796778571902957,-82.57539941446349,0.40045527235,66648,FIC INMOBILIARIAS,Global Securities S.A. Comis,0.0,RV/ALTERNATIVO_OTRO
FONDO INMOBILIARIO FIDUPAÍS FIC CERRADO NO. 2 EN DERECHOS FIDUCIARIOS SOBRE INMUEBLES,588,2017-01-01,2024-08-01,92,False,21.19523143926055,-14.127760633036102,0.06495042074707702,0.024510495578442853,-0.13163749452608642,0.07043747316023227,-70.72925962211214,0.64727611627,66651,FIC INMOBILIARIAS,Global Securities S.A. Comis,0.0,RV/ALTERNATIVO_OTRO
FONVAL ACCIONES RECURSOS NATURALES,800,2016-01-01,2019-07-01,43,False,18.5220791584189,1.7138424459577584,0.5134484880831279,0.49189345798798395,0.1631768235569419,0.30684246254054565,-33.874490544192106,5.57150063067,58916,FIC DE TIPO GENERAL,Credicorp Capital,0.0,RV/ALTERNATIVO_OTRO
FONVAL ACCIONES VALOR,800,2016-01-01,2019-10-01,46,False,10.624771324443838,3.5500997947655266,0.559928276424857,0.1545489999337246,0.10204877432506584,0.1859755375740714,-19.931969855918574,3.1281875689699996,58907,FIC DE TIPO GENERAL,Credicorp Capital,0.0,RV/ALTERNATIVO_OTRO
FONVAL DERECHOS ECONOMICOS 2020 EN LIQUIDACIÓN,800,2016-01-01,2023-06-01,90,False,112.37137963968016,44.5982443835216,0.17841873829486005,0.04444933733474902,-0.11059095170372962,1.0242091320975992,-41.47267601775734,1.37535178586,59422,FIC DE TIPO GENERAL,Credicorp Capital,0.0,RV/ALTERNATIVO_OTRO
FONVAL GLOBAL ESTRUCTURADO II,800,2016-01-01,2018-09-01,33,False,11.061240086188343,3.2409497176636437,0.04515752749880503,0.43106705698568853,0.02808618267659957,0.013899942737795677,-16.58783879806467,9.51136099014,58930,FIC DE TIPO GENERAL,Credicorp Capital,0.0,RV/ALTERNATIVO_OTRO
FONVAL GLOBAL ESTRUCTURADO V,800,2016-01-01,2018-02-01,26,False,14.95093817472081,31.53681475367158,0.29516799045889686,0.4843550064214765,-0.26493206430804567,0.11235237855547495,-8.80746155893487,14.49147548257,58970,FIC DE TIPO GENERAL,Credicorp Capital,0.0,RV/ALTERNATIVO_OTRO
FONVAL GLOBAL ESTRUCTURADO VI,800,2016-01-01,2017-12-01,24,False,15.212320283697162,15.396175396671175,-0.12501158273548696,0.17893164752442575,-0.25598261688361484,-0.04829612761227088,-10.336354611236665,7.76876346247,58971,FIC DE TIPO GENERAL,Credicorp Capital,0.0,RV/ALTERNATIVO_OTRO
INMOVAL DESARROLLOS - EN LIQUIDACION,800,2016-01-01,2022-12-01,84,False,13.376379226107584,1.1318022153165241,0.048837207899602254,0.06408261833411312,0.07902607655392384,0.03382593446550271,-35.12228318683229,0.07268413119,59954,FIC INMOBILIARIAS,Credicorp Capital,0.0,RV/ALTERNATIVO_OTRO
ULTRA INVERSION - EN LIQUIDACION,800,2020-07-01,2022-11-01,29,False,10.44544980982361,-0.19719118825144433,0.33681697442352937,0.40289592135003593,-0.468644414607143,0.19184870413978686,-17.50419357199019,0.17204114738999998,93228,FIC DE TIPO GENERAL,Credicorp Capital,0.0,RV/ALTERNATIVO_OTRO
FONDO DE INVERSION COLECTIVA ABIERTO RENTA ALTA CONVICCION,803,2021-03-01,2026-09-01,67,True,12.926088023708507,12.49202535772891,0.1630740120392467,0.7026023252272506,0.15301060107542988,0.09318482293367003,-22.9774077466238,313.05065643622,63301,FIC DE TIPO GENERAL,Valores Bancolombia S.A. Com,354.31422609127,RV_INTL/GLOBAL
FONDO DE INVERSION COLECTIVA ABIERTO RENTA SOSTENIBLE GLOBAL,803,2021-04-01,2026-09-01,66,True,11.886363113098922,2.146228409987283,-0.1903694640312496,0.9440007457621878,-0.07294864366072441,-0.10044983507928011,-17.378370967818,136.97686284422,59740,FIC DE TIPO GENERAL,Valores Bancolombia S.A. Com,175.70033727353,RV_INTL/GLOBAL
FONDO DE INVERSIÓN COLECTIVA ABIERTO FIDUCUENTA DÓLARES,801,2023-09-01,2026-09-01,37,True,9.34949762395593,-4.034040689624508,-0.38639685526225087,0.5788125626104599,-0.1820913884186706,-0.1410098195007628,-24.24178342190103,85.52747720461,114986,FIC DE TIPO GENERAL,Valores Bancolombia S.A. Com,91.40423198725999,RV_INTL/GLOBAL
FIC MULTIESTRATEGIA EQUILIBRIO,501,2022-05-01,2026-09-01,53,True,6.024475162394427,11.656200143563101,0.22671094047684423,0.5954237056266413,0.12714684770937232,0.06365918733015646,-6.248166349555495,76.16862010794,105784,FIC DE TIPO GENERAL,Bbva Asset Management S.A. S,76.16862010794,RV_INTL/GLOBAL
CREDICORP CAPITAL ACCIONES GLOBALES,800,2016-01-01,2026-09-01,129,True,14.54723887113952,8.64727920111159,0.39228525698583194,1.0,-0.0010133202074930068,0.27636359393335413,-23.041623541547974,55.482934588650004,58918,FIC DE TIPO GENERAL,Credicorp Capital,63.28133218961,RV_INTL/GLOBAL
CREDICORP CAPITAL RENTA FIJA GLOBAL,800,2016-01-01,2026-09-01,129,True,6.397220832047965,5.3555229347683975,0.5181479174055555,0.6466703298559228,0.2312619867035412,0.160525257312654,-17.706544614914044,50.54698658953,58921,FIC DE TIPO GENERAL,Credicorp Capital,55.33761800995,RV_INTL/GLOBAL
FONDO DE INVERSION COLECTIVA ABIERTO CON PACTO DE PERMANENCIA META DECIDIDA,800,2020-02-01,2026-09-01,80,True,3.7246718537028265,7.2576761326890615,0.40929496680462346,0.6886357259500103,0.3806019338782485,0.08674860383920972,-4.053369084076075,41.69853119215,90303+130403,FIC DE TIPO GENERAL,Fiduaval,41.69853119215,RV_INTL/GLOBAL
FONDO RENTA DIGITAL CRECIMIENTO,801,2024-02-01,2026-09-01,32,True,8.123723159105326,11.984417480420827,-0.022321900856123535,0.845303349328479,0.17137771532891388,-0.00729419286819033,-5.821757995400933,38.33628415995,118693,FIC DE TIPO GENERAL,Valores Bancolombia S.A. Com,38.33628415995,RV_INTL/GLOBAL
FIC RENTA DIGITAL MODERADO,801,2024-09-01,2026-09-01,25,True,6.192133196797931,8.45975870963629,-0.05405596560854386,0.8659832513265998,0.260041031249066,-0.014487823309684879,-3.343193027652469,30.976195408330003,121149,FIC DE TIPO GENERAL,Valores Bancolombia S.A. Com,30.976195408330003,RV_INTL/GLOBAL
FIC ABIERTO SIN PACTO DE PERMANENCIA ETF 500 US,800,2024-05-01,2026-09-01,29,True,14.651936316594849,7.8672676280267195,-0.30523640512494665,0.9616650371625307,0.03929993914458864,-0.18463464205916344,-12.555453887807433,21.95671161392,119695,FIC DE TIPO GENERAL,Acciones Y Valores S.A.  Com,21.95671161392,RV_INTL/GLOBAL
FONDO DE INVERSIÓN COLECTIVA ABIERTO CON PACTO DE PERMANENCIA SCOTIA PORTAFOLIO GLOBAL CONSERVADOR,809,2023-10-01,2026-09-01,36,True,3.597983532903147,6.326112896878344,-0.14100534141727494,0.6828442623867543,0.262793352918771,-0.020037724519620256,-2.039846937824752,16.23075866248,115735,FIC DE TIPO GENERAL,Fiduciaria Davibank,20.86405206971,RV_INTL/GLOBAL
FONDO DE INVERSIÓN COLECTIVA ABIERTO CON PACTO DE PERMANENCIA SCOTIA PORTAFOLIO GLOBAL MODERADO,812,2023-10-01,2026-09-01,36,True,6.060378921530309,6.560576194781498,-0.23378844686797007,0.9251408836088931,0.14876273351295677,-0.055959843416749054,-4.011492909235381,13.502749189200001,115736,FIC DE TIPO GENERAL,Fiduciaria Davibank,20.45237627018,RV_INTL/GLOBAL
FONDO DE INVERSIÓN COLECTIVA DIVERSIFICADO INTERNACIONAL,501,2018-11-01,2026-09-01,95,True,9.001257212140795,5.265120279540714,0.07747689733719652,0.6864429688645262,-0.04050172670500456,0.03736730363067112,-15.920811911808352,16.69669698327,78888,FIC DE TIPO GENERAL,Corredores Davivienda S.A.Co,16.69669698327,RV_INTL/GLOBAL
FIC MULTIESTRATEGIA CRECIMIENTO,501,2022-05-01,2026-09-01,53,True,7.498136079876777,13.038903577005634,0.13701553829347238,0.6328852343986265,0.09052320336566631,0.04788423269288168,-7.101462418670456,10.76827858075,105788,FIC DE TIPO GENERAL,Bbva Asset Management S.A. S,10.76827858075,RV_INTL/GLOBAL
FONDO DE INVERSIÓN COLECTIVA ABIERTO CON PACTO DE PERMANENCIA META CRECIMIENTO,800,2016-01-01,2026-09-01,129,True,6.84494780493884,4.963728500491671,0.5123664951536018,0.7308073413068819,0.21174994637527406,0.1698435811273723,-15.078584370196069,8.32610109639,9452+128955,FIC DE TIPO GENERAL,Fiduaval,8.32610109639,RV_INTL/GLOBAL
FIC RENTA DIGITAL CONSERVADOR,801,2024-09-01,2026-09-01,25,True,3.7668461532564623,6.951626136839595,-0.01131410538319045,0.7580531563472145,0.42591504666647184,-0.0018446642196927301,-1.517114884602333,6.05998286581,121164,FIC DE TIPO GENERAL,Valores Bancolombia S.A. Com,6.05998286581,RV_INTL/GLOBAL
FONDO DE INVERSIÓN COLECTIVA ABIERTO CON PACTO DE PERMANENCIA SCOTIA PORTAFOLIO GLOBAL MÁS CRECIMIE,818,2023-10-01,2026-09-01,36,True,11.527884543176306,7.541445631780563,-0.2575653498774376,0.9683671455431448,0.08645326066005518,-0.11727102502438723,-10.20353525299289,4.67434646693,115741,FIC DE TIPO GENERAL,Fiduciaria Davibank,5.3340232463,RV_INTL/GLOBAL
FONDO DE INVERSIÓN COLECTIVA ABIERTO CON PACTO DE PERMANENCIA SCOTIA PORTAFOLIO GLOBAL CRECIMIENTO,815,2023-10-01,2026-09-01,36,True,9.031622833176414,7.483746168265615,-0.25039539998541416,0.9584525799441754,0.10897989971298433,-0.08931940159882965,-7.335670659529314,3.7407987351500003,115738,FIC DE TIPO GENERAL,Fiduciaria Davibank,4.79083145029,RV_INTL/GLOBAL
FONDO DE INVERSIÓN COLECTIVA ABIERTO CON PACTO DE PERMANENCIA SCOTIA PORTAFOLIO GLOBAL MÁS CONSERVA,800,2023-10-01,2026-09-01,36,True,2.3947659286904894,6.453700299223608,-0.32782973608767274,0.5568580396274039,0.08055936081627203,-0.03100738063310667,-1.5682737357395338,3.47686262382,115726,FIC DE TIPO GENERAL,Fiduciaria Davibank,4.41795002111,RV_INTL/GLOBAL
FONDO DE INVERSION COLECTIVA ITAÚ DOLAR RENTA FIJA,532,2024-03-01,2026-09-01,31,True,9.667811756905143,-2.659939118981247,-0.33102746445541165,0.7209271125158419,-0.1356457123882375,-0.13072657970349327,-21.519763430637852,2.5292066388400003,119160,FIC DE TIPO GENERAL,Itaú Comisionista De Bolsa,2.5292066388400003,RV_INTL/GLOBAL
BTG PACTUAL ACCIONES MERCADOS EMERGENTES,501,2020-08-01,2026-08-01,73,False,15.11596746196369,2.1616738043132244,-0.03127071796385482,0.717937205883137,-0.048948930532671846,-0.022127648900257632,-28.334940741039038,1.9209985091300001,93624,FIC DE TIPO GENERAL,Btg Pactual,0.0,RV_INTL/GLOBAL
CREDICORP CAPITAL ESTRUCTURADO IX,800,2019-05-01,2021-05-01,25,False,10.962716606752924,17.120201217121455,0.3240786436434585,0.5317168615744062,-0.5031539808475907,0.26784091716894937,-6.209054099452949,8.612711784190001,85018,FIC DE TIPO GENERAL,Credicorp Capital,0.0,RV_INTL/GLOBAL
F.I.C. ABIERTA CON PACTO DE PERMANENCIA SOSTENIBLE GLOBAL,800,2018-04-01,2026-08-01,101,False,12.204923438970361,8.449797473504805,0.025123024552976627,0.66881036969209,-0.06414193212244355,0.016199500556960397,-16.904404711152175,4.27557e-06,76413,FIC DE TIPO GENERAL,Fiduaval,0.0,RV_INTL/GLOBAL
FONDO DE INVERSION COLECTIVA ABIERTO CON PACTO DE PERMANENCIA BTG PACTUAL ACCIONES INTERNACIONALES,501,2017-10-01,2026-08-01,107,False,13.745352901182278,10.26287746116532,0.04781843102093906,0.7663688760645619,-0.09880284773848377,0.03415673695841866,-15.436586792828798,5.91421044452,71258,FIC DE TIPO GENERAL,Btg Pactual,0.0,RV_INTL/GLOBAL
FONDO DE INVERSION COLECTIVA ABIERTO CON PACTO DE PERMANENCIA META ESTRATEGICA,800,2020-02-01,2022-02-01,25,False,2.1132349582101893,1.9392016585161764,0.3749057450731204,0.6509490252878924,0.48636721292765306,0.060785763142289194,-1.4346852942150434,2.6650371761100002,90302,FIC DE TIPO GENERAL,Fiduciaria De Occidente S.A.,0.0,RV_INTL/GLOBAL
FONDO DE INVERSION COLECTIVA ABIERTO CON PACTO DE PERMANENCIA MINIMA ALIANZA RENTA FIJA HIGH YIELD,507,2021-03-01,2024-12-01,46,False,11.413329856117377,8.04742261608775,-0.1728743475307263,0.6440392806063301,-0.12430181855400962,-0.0837771240558213,-15.096707698827716,0.06343524226,96832,FIC DE TIPO GENERAL,Alianza Fiduciaria S.A.,0.0,RV_INTL/GLOBAL
FONDO DE INVERSIÓN COLECTIVA ABIERTO SIN PACTO DE PERMANENCIA GLOBAL BALANCEADO,800,2016-01-01,2020-06-01,54,False,5.549585141642415,5.245415532949926,0.5290570145343665,0.7844249178782143,0.3186613928454905,0.15188602530357512,-6.650136802578343,3.90988163405,62013,FIC DE TIPO GENERAL,Ultraserfinco S.A.,0.0,RV_INTL/GLOBAL
FONDO DE INVERSIÓN COLECTIVA CERRADO ACCIONES ESTADOS UNIDOS CON CAPITAL PROTEGIDO,501,2022-05-01,2024-05-01,25,False,8.834460365567509,10.867901761333766,0.4353883928112427,0.5386866893750016,0.10851438646376281,0.1933580552113385,-5.957700826980217,61.18130373685,105192,FIC DE TIPO GENERAL,Corredores Davivienda S.A.Co,0.0,RV_INTL/GLOBAL
FONDO DE INVERSIÓN COLECTIVA CERRADO ACCIVAL ESTRUCTURADO,800,2017-05-01,2020-06-01,38,False,10.725810660245331,-0.9450696681721604,0.2992698795984914,0.5175463476562844,0.06588471342441525,0.18944955676475594,-19.49527078062716,7.67627700082,69305,FIC DE TIPO GENERAL,Acciones Y Valores S.A.  Com,0.0,RV_INTL/GLOBAL
FONDO DE INVERSIÓN COLECTIVA CERRADO INTELIGENCIA ARTIFICIAL CON CAPITAL PROTEGIDO,502,2023-12-01,2025-12-01,25,False,9.50042316875942,20.153049782531586,-0.16758873527915993,0.729820871668004,0.19971817773660516,-0.04445185571785373,-6.109293713191633,17.975545268970002,116353,FIC DE TIPO GENERAL,Corredores Davivienda S.A.Co,0.0,RV_INTL/GLOBAL
ITAÚ INCOME & DYNAMIC FUND,532,2022-03-01,2024-02-01,24,False,12.35793175859293,1.430663293252743,-0.2419730386073977,0.5569589675166682,-0.11324632536981359,-0.15563146914812978,-15.131320635265377,2.6315280883,104221,FIC DE TIPO GENERAL,Itaú Fiduciaria,0.0,RV_INTL/GLOBAL
FONDO BURSÁTIL ISHARES MSCI COLCAP,800,2016-01-01,2026-09-01,129,True,20.649128410073537,7.152806041814119,1.0,0.392285256985832,0.021588532413601903,1.0,-35.5237576605443,9869.051248742453,60678,FIC BURSATILES,Citivalores,9869.051248742453,RV_LOCAL
FONDO DE INVERSION COLECTIVA CERRADO ASHMORE ACCIONES COLOMBIA + LATAM,803,2020-12-01,2026-09-01,69,True,18.918017298240823,21.42637209554117,0.961290892592742,0.009317495640006598,-0.010725464644483016,0.8269950154300162,-25.72402213898869,1525.0317462360902,95589,FIC DE TIPO GENERAL,Larrain Vial Colombia S.A.  ,3149.1301660788895,RV_LOCAL
FONDO BURSÁTIL GLOBAL X COLOMBIA SELECT DE S&P,800,2016-01-01,2026-09-01,129,True,21.04055319662688,9.497150251776487,0.9772060742386718,0.4247883362404981,0.03648724348342556,0.9957299882475993,-36.512685809887145,3077.28642335454,43502+129433,FIC BURSATILES,Fiduaval,3077.28642335454,RV_LOCAL
CREDICORP CAPITAL ACCIONES COLOMBIA,800,2016-01-01,2026-09-01,129,True,20.011413454088068,13.882497589322496,0.9707358557520145,0.39604849553395544,0.05362101013799544,0.9407562478368245,-32.926494952049666,271.65365208206,59105,FIC DE TIPO GENERAL,Credicorp Capital,405.80585359035996,RV_LOCAL
FONDO DE INVERSION COLECTIVA ABIERTO RENTA VARIABLE COLOMBIA,803,2020-09-01,2026-09-01,73,True,19.36643175491609,17.246834108490596,0.9823973019598907,0.019475232646903536,-0.0008781535364031159,0.8762632988285636,-29.46020197413829,201.61403908932002,59738,FIC DE TIPO GENERAL,Valores Bancolombia S.A. Com,311.10536036389004,RV_LOCAL
FIC FONDO DE SEGURIDAD BOLIVAR,800,2016-11-01,2026-09-01,119,True,15.90728145945032,9.34918239734972,0.9878098878937329,0.38838867699752255,0.07479534226944289,0.7822825857279266,-26.364875309201906,230.9373203972,65875,FIC DE TIPO GENERAL,Fiduciaria Davivienda S.A. P,230.9373203972,RV_LOCAL
FONDO DE INVERSION COLECTIVA ABIERTO ACCIVAL ACCIONES DINAMICO,800,2016-01-01,2026-09-01,129,True,18.852605672327503,10.439280817222475,0.9814070709979147,0.3967179522696225,0.03545280679226539,0.8960223475840021,-30.754299962019914,142.82970395538,58735,FIC DE TIPO GENERAL,Acciones Y Valores S.A.  Com,159.37465081309,RV_LOCAL
FONDO DE INVERSION COLECTIVA ABIERTO CON PACTO DE PERMANENCIA ALIANZA ACCIONES,509,2017-11-01,2026-09-01,107,True,20.577903602973784,11.430056120067867,0.9841441775704209,0.40310323284096505,0.04105001481536212,1.0520358891416033,-30.06673957835484,24.422161511869998,67403,FIC DE TIPO GENERAL,Alianza Fiduciaria S.A.,104.83810738318,RV_LOCAL
FONDO DE INVERSIÓN COLECTIVA ABIERTO RENTA ACCIONES LATAM,501,2016-01-01,2026-09-01,129,True,19.569960448181593,4.63488454239116,0.8716647856434737,0.4746699794901581,-0.0019481418534381403,0.8261097049884981,-34.12328758720374,59.95654060183087,3644,FIC DE TIPO GENERAL,Fiduciaria Bancolombia S.A. ,59.95654060183087,RV_LOCAL
FONDO DE INVERSIÓN COLECTIVA ABIERTO CON PACTO DE PERMANENCIA BBVA AM ESTRATEGIA BALANCEADO GLOBAL,800,2017-05-01,2026-09-01,113,True,11.182220233235888,9.823683661080974,0.8040342774740867,0.822180084645116,0.06739563043042475,0.4561736728605844,-19.587901570337895,57.344501850010005,69368,FIC DE TIPO GENERAL,Bbva Asset Management S.A. S,57.344501850010005,RV_LOCAL
FONDO DE INVERSION COLECTIVA ABIERTO CON PACTO DE PERMANENCIA ACCIONES,101,2024-10-01,2026-09-01,24,True,17.415285817582877,40.822715052275505,0.9776454182612054,-0.2811825389956947,-0.021224490363340603,0.7328932116748179,-10.733837059117047,35.5398689296,121643,FIC DE TIPO GENERAL,Progresion Scb,35.5398689296,RV_LOCAL
FONDO DE INVERSION COLECTIVA ABIERTO ITAU ACCIONES COLOMBIA,800,2019-05-01,2026-09-01,89,True,21.678331762538377,12.767750809031764,0.9854699890199824,0.3663554300036845,0.019936033553684424,1.165096632984264,-30.23530106761172,24.28605740873,85384+119158,FIC DE TIPO GENERAL,Itaú Comisionista De Bolsa,24.28605740873,RV_LOCAL
F.I.C. ACCIONES PLUS,800,2018-04-01,2026-09-01,102,True,21.69524971883979,9.937840536625476,0.982148806631443,0.41519510700954976,0.03755616708433083,1.1215742973115503,-35.362579714215336,5.57103351572,76414,FIC DE TIPO GENERAL,Fiduaval,5.57103351572,RV_LOCAL
F.I.C. ESTRATEGIA MODERADA,800,2018-04-01,2026-09-01,102,True,4.167078349737044,6.896108854490968,0.8422818528185833,0.6380124956447839,0.24036677424736977,0.18474607121264464,-7.016187173261468,4.188055733300001,76410,FIC DE TIPO GENERAL,Fiduaval,4.188055733300001,RV_LOCAL
FONDO CERRADO ALIANZA ALTERNATIVOS & EQUITY COLOMBIA 2 AÑOS,501,2024-10-01,2026-09-01,24,True,3.442344113817212,14.812176784313325,0.8491934280933761,-0.2588945342286742,0.15073014804115914,0.1258315743327256,-1.2513403383615063,0.02208428543,121416,FIC DE TIPO GENERAL,Alianza Fiduciaria S.A.,0.02208428543,RV_LOCAL
CASA DE BOLSA ACCIONES PLUS FONDO ABIERTO CON PACTO DE PERMANENCIA,800,2016-01-01,2018-03-01,27,False,11.44307718387548,9.79715168503743,0.9902964292332121,0.21265999891135404,0.09202505694325794,0.3243555117922673,-7.1432811554988485,14.62839751811,58698,FIC DE TIPO GENERAL,Aval Casa De Bolsa S.A.,0.0,RV_LOCAL
FICS ABIERTO SIN PACTO DE PERMANENCIA ACCIVAL BALANCEADO,800,2016-01-01,2020-09-01,57,False,7.51124588678157,0.8931282914489636,0.8980893883054889,0.7962527572660442,0.17762257554057811,0.3476197202998489,-15.08509306593011,2.63989380234,58741,FIC DE TIPO GENERAL,Acciones Y Valores S.A.  Com,0.0,RV_LOCAL
FONDO BURSATIL ISHARES MSCI COLOMBIA RISK WEIGHTED,800,2016-11-01,2019-07-01,33,False,13.280260016720376,0.3496862503898468,0.9255164536363422,0.6570681048422502,0.07208416890296193,0.41216146593639585,-19.075887003144242,0.27611977238999996,65792,FIC BURSATILES,Citivalores,0.0,RV_LOCAL
"FONDO DE INVERSION COLECTIVA ""SERFINCO ACCIONES""",800,2016-01-01,2020-06-01,54,False,19.17824839201955,-0.6253625674144114,0.9869115225233046,0.7613395042282931,0.21823703945372477,0.9791336592329731,-31.697313334829534,22.422990489900002,58438,FIC DE TIPO GENERAL,Ultraserfinco S.A.,0.0,RV_LOCAL
"FONDO DE INVERSION COLECTIVA ""SERFINCO AIC BANCOLOMBIA""",800,2016-01-01,2018-04-01,28,False,20.88846911858636,18.225848855587266,0.8001564182501998,-0.06002196571837784,0.08160273073219937,0.4705395546808521,-15.467922580691695,1.15161715942,58440,FIC DE TIPO GENERAL,Ultraserfinco S.A.,0.0,RV_LOCAL
"FONDO DE INVERSION COLECTIVA ""SERFINCO AIC GRUPO SURA""",800,2016-01-01,2020-06-01,54,False,28.796005691879817,-14.538444321479481,0.9184344444339482,0.7065076615066019,0.18885913656001244,1.3681547899110378,-58.35220207856538,3.3173953189699996,58445,FIC DE TIPO GENERAL,Ultraserfinco S.A.,0.0,RV_LOCAL
FONDO DE INVERSION COLECTIVA ABIERTO CON PACTO DE PERMANENCIA GLOBAL SECURITIES ACCIONES,588,2016-01-01,2024-09-01,105,False,17.93962591777147,2.9556415910263034,0.963449645737199,0.48061498408922587,0.0025770019889854133,0.8477226882047568,-30.02560745770658,7.75270219945,59336,FIC DE TIPO GENERAL,Global Securities S.A. Comis,0.0,RV_LOCAL
FONDO DE INVERSION COLECTIVA ABIERTO SIN PACTO DE PERMANENCIA PERFIL CONSERVADOR,800,2016-01-01,2020-06-01,54,False,2.5772265735345163,4.4017671572675,0.9422870636801378,0.7549844827583473,0.35023801570748847,0.1256292164772477,-3.733358178733859,23.332515500459998,60117,FIC DE TIPO GENERAL,Ultraserfinco S.A.,0.0,RV_LOCAL
FONDO DE INVERSION COLECTIVA ABIERTO SIN PACTO DE PERMANENCIA PERFIL CRECIMIENTO,800,2016-01-01,2020-06-01,54,False,10.874761681951293,0.6449417669364577,0.9711732810259716,0.7126499270613367,0.17306257367489278,0.5463504378363123,-18.338800006059486,2.1613134907,60106,FIC DE TIPO GENERAL,Ultraserfinco S.A.,0.0,RV_LOCAL
FONDO DE INVERSION COLECTIVA ABIERTO SIN PACTO DE PERMANENCIA PERFIL MODERADO,800,2016-01-01,2020-06-01,54,False,7.553167341955223,2.2921602531844387,0.9758921194405304,0.7355804336922399,0.21141581716867733,0.38131662397548755,-13.450304278001257,12.43510303213,60103,FIC DE TIPO GENERAL,Ultraserfinco S.A.,0.0,RV_LOCAL
FONDO DE INVERSION COLECTIVA ACCIONES COLOMBIA,800,2016-01-01,2018-03-01,27,False,11.157497130152803,4.981245480201246,0.9810934264768344,0.26724689248577865,0.08903684042664223,0.31332164039061056,-7.479764369430086,2.03368573201,60404,FIC DE TIPO GENERAL,Ualet S.A. Comisionista De B,0.0,RV_LOCAL
FONDO DE INVERSION COLECTIVA ULTRASERFINCO SECTORIAL BANCOS,801,2017-12-01,2020-06-01,31,False,29.775528970714483,-4.357910855604374,0.9716942091282633,0.7694773926130659,0.22126250039755713,1.8769079321233695,-38.035556345037094,4.97377700371,73454,FIC DE TIPO GENERAL,Ultraserfinco S.A.,0.0,RV_LOCAL
FONDO DE INVERSION COLECTIVA ULTRASERFINCO SECTORIAL ENERGIA Y PETROLEO,801,2017-12-01,2020-06-01,31,False,26.950593980668597,9.62057683377633,0.9017968545899199,0.861449350829912,0.35744989794108123,1.576634142422367,-26.242705449132785,6.146682327060001,73446,FIC DE TIPO GENERAL,Ultraserfinco S.A.,0.0,RV_LOCAL
FONDO DE INVERSIÓN COLECTIVA ABIERTO CON PACTO DE PERMANENCIA BTG PACTUAL ACCIONES COLOMBIA,403,2016-01-01,2026-08-01,128,False,20.260660014417883,14.154171341806432,0.9802559649737352,0.38907666388394996,0.049178788686377546,0.9644945234177738,-32.401445685583695,45.69762137807,58699,FIC DE TIPO GENERAL,Btg Pactual,0.0,RV_LOCAL
FONDO DE INVERSIÓN COLECTIVA ABIERTO CON PACTO DE PERMANENCIA FIDUACCIÓN,800,2016-01-01,2021-04-01,64,False,21.085240874290246,3.99781997991544,0.9853280713079714,0.781651444081919,0.1120624310123172,1.0899529842499487,-32.443873609992394,6.42472451112,29496,FIC DE TIPO GENERAL,Fiduciaria Bogotá S.A.,0.0,RV_LOCAL
FONDO DE INVERSIÓN COLECTIVA ABIERTO CON PACTO DE PERMANENCIA INVERTIR GESTIONADO COLOMBIA,800,2016-01-01,2021-01-01,61,False,19.472102794889867,4.738475231319095,0.9838596018597516,0.7914712328719542,0.059632985159308066,1.02056293138012,-29.478849638669004,5.74271794324,60491,FIC DE TIPO GENERAL,Progresion Scb,0.0,RV_LOCAL
FONDO DE INVERSIÓN COLECTIVA ULTRASERFINCO GEA,800,2017-04-01,2020-06-01,39,False,24.76617060557224,-11.697818287613682,0.9689932663847632,0.7893517362337447,0.22258711993376107,1.3973977492719765,-38.60021112391945,31.37692580083,68802,FIC DE TIPO GENERAL,Ultraserfinco S.A.,0.0,RV_LOCAL
FONDO DE INVERSIÓN COLECTIVA ULTRASERFINCO SECTORIAL HOLDING,801,2017-11-01,2020-06-01,32,False,22.86360508218079,-8.40474515426517,0.9651903094432251,0.8248653096495326,0.2762861170276584,1.4083922924437606,-29.427930532672487,13.207209943879999,72709,FIC DE TIPO GENERAL,Ultraserfinco S.A.,0.0,RV_LOCAL
FONDO DE INVERSIÓN COLETIVA CERRADO HELM INDICE,800,2016-01-01,2018-01-01,25,False,11.711703934454368,10.544534616556799,0.9261515324448478,-0.07380450291905127,-0.189038578742813,0.27592334075092856,-6.084391566951785,2.1752428465599998,59346,FIC DE TIPO GENERAL,Itaú Comisionista De Bolsa,0.0,RV_LOCAL
