fecha_corte,n,dow
2016-01-01,474,4
2016-01-02,474,5
2016-01-03,474,6
2016-01-04,474,0
2016-01-05,474,1
2016-01-06,474,2
2016-01-07,474,3
2016-01-08,474,4
2016-01-09,474,5
2016-01-10,474,6
2016-01-11,474,0
2016-01-12,474,1
2016-01-13,474,2
2016-01-14,474,3
2016-01-15,474,4
2016-01-16,473,5
2016-01-17,473,6
2016-01-18,474,0
2016-01-19,474,1
2016-01-20,474,2
2016-01-21,474,3
2016-01-22,475,4
2016-01-23,475,5
2016-01-24,475,6
2016-01-25,475,0
2016-01-26,474,1
2016-01-27,474,2
2016-01-28,475,3
2016-01-29,475,4
2016-01-30,475,5
2016-01-31,475,6
2016-02-01,474,0
2016-02-02,474,1
2016-02-03,470,2
2016-02-04,470,3
2016-02-05,470,4
2016-02-06,470,5
2016-02-07,470,6
2016-02-08,469,0
2016-02-09,468,1
2016-02-10,468,2
2016-02-11,465,3
2016-02-12,465,4
2016-02-13,462,5
2016-02-14,462,6
2016-02-15,462,0
2016-02-16,462,1
2016-02-17,462,2
2016-02-18,462,3
2016-02-19,462,4
2016-02-20,462,5
2016-02-21,462,6
2016-02-22,464,0
2016-02-23,464,1
2016-02-24,464,2
2016-02-25,464,3
2016-02-26,467,4
2016-02-27,467,5
2016-02-28,467,6
2016-02-29,468,0
2016-03-01,467,1
2016-03-02,467,2
2016-03-03,467,3
2016-03-04,467,4
2016-03-05,467,5
2016-03-06,467,6
2016-03-07,468,0
2016-03-08,467,1
2016-03-09,467,2
2016-03-10,467,3
2016-03-11,467,4
2016-03-12,467,5
2016-03-13,467,6
2016-03-14,467,0
2016-03-15,470,1
2016-03-16,471,2
2016-03-17,474,3
2016-03-18,474,4
2016-03-19,473,5
2016-03-20,473,6
2016-03-21,473,0
2016-03-22,472,1
2016-03-23,472,2
2016-03-24,471,3
2016-03-25,471,4
2016-03-26,471,5
2016-03-27,471,6
2016-03-28,473,0
2016-03-29,473,1
2016-03-30,473,2
2016-03-31,473,3
2016-04-01,474,4
2016-04-02,470,5
2016-04-03,470,6
2016-04-04,472,0
2016-04-05,473,1
2016-04-06,474,2
2016-04-07,473,3
2016-04-08,473,4
2016-04-09,473,5
2016-04-10,474,6
2016-04-11,475,0
2016-04-12,475,1
2016-04-13,476,2
2016-04-14,476,3
2016-04-15,476,4
2016-04-16,476,5
2016-04-17,476,6
2016-04-18,476,0
2016-04-19,476,1
2016-04-20,476,2
2016-04-21,478,3
2016-04-22,478,4
2016-04-23,478,5
2016-04-24,478,6
2016-04-25,478,0
2016-04-26,478,1
2016-04-27,480,2
2016-04-28,480,3
2016-04-29,480,4
2016-04-30,480,5
2016-05-01,480,6
2016-05-02,480,0
2016-05-03,480,1
2016-05-04,481,2
2016-05-05,480,3
2016-05-06,479,4
2016-05-07,479,5
2016-05-08,479,6
2016-05-09,479,0
2016-05-10,479,1
2016-05-11,479,2
2016-05-12,479,3
2016-05-13,471,4
2016-05-14,471,5
2016-05-15,471,6
2016-05-16,472,0
2016-05-17,472,1
2016-05-18,472,2
2016-05-19,473,3
2016-05-20,473,4
2016-05-21,473,5
2016-05-22,473,6
2016-05-23,473,0
2016-05-24,473,1
2016-05-25,472,2
2016-05-26,474,3
2016-05-27,474,4
2016-05-28,474,5
2016-05-29,474,6
2016-05-30,474,0
2016-05-31,474,1
2016-06-01,473,2
2016-06-02,473,3
2016-06-03,472,4
2016-06-04,472,5
2016-06-05,472,6
2016-06-06,472,0
2016-06-07,472,1
2016-06-08,470,2
2016-06-09,470,3
2016-06-10,470,4
2016-06-11,470,5
2016-06-12,470,6
2016-06-13,470,0
2016-06-14,470,1
2016-06-15,470,2
2016-06-16,470,3
2016-06-17,470,4
2016-06-18,470,5
2016-06-19,470,6
2016-06-20,471,0
2016-06-21,471,1
2016-06-22,472,2
2016-06-23,472,3
2016-06-24,473,4
2016-06-25,470,5
2016-06-26,470,6
2016-06-27,470,0
2016-06-28,469,1
2016-06-29,468,2
2016-06-30,468,3
2016-07-01,469,4
2016-07-02,469,5
2016-07-03,469,6
2016-07-04,469,0
2016-07-05,470,1
2016-07-06,470,2
2016-07-07,470,3
2016-07-08,470,4
2016-07-09,470,5
2016-07-10,470,6
2016-07-11,470,0
2016-07-12,470,1
2016-07-13,470,2
2016-07-14,469,3
2016-07-15,469,4
2016-07-16,469,5
2016-07-17,469,6
2016-07-18,470,0
2016-07-19,470,1
2016-07-20,470,2
2016-07-21,470,3
2016-07-22,471,4
2016-07-23,472,5
2016-07-24,472,6
2016-07-25,472,0
2016-07-26,472,1
2016-07-27,472,2
2016-07-28,472,3
2016-07-29,473,4
2016-07-30,472,5
2016-07-31,472,6
2016-08-01,476,0
2016-08-02,478,1
2016-08-03,476,2
2016-08-04,475,3
2016-08-05,475,4
2016-08-06,475,5
2016-08-07,475,6
2016-08-08,475,0
2016-08-09,475,1
2016-08-10,474,2
2016-08-11,458,3
2016-08-12,473,4
2016-08-13,473,5
2016-08-14,473,6
2016-08-15,473,0
2016-08-16,473,1
2016-08-17,475,2
2016-08-18,475,3
2016-08-19,475,4
2016-08-20,475,5
2016-08-21,475,6
2016-08-22,475,0
2016-08-23,475,1
2016-08-24,476,2
2016-08-25,473,3
2016-08-26,478,4
2016-08-27,475,5
2016-08-28,475,6
2016-08-29,476,0
2016-08-30,461,1
2016-08-31,476,2
2016-09-01,477,3
2016-09-02,478,4
2016-09-03,478,5
2016-09-04,478,6
2016-09-05,478,0
2016-09-06,481,1
2016-09-07,481,2
2016-09-08,482,3
2016-09-09,483,4
2016-09-10,483,5
2016-09-11,483,6
2016-09-12,483,0
2016-09-13,481,1
2016-09-14,481,2
2016-09-15,480,3
2016-09-16,480,4
2016-09-17,480,5
2016-09-18,480,6
2016-09-19,480,0
2016-09-20,480,1
2016-09-21,480,2
2016-09-22,480,3
2016-09-23,480,4
2016-09-24,479,5
2016-09-25,479,6
2016-09-26,479,0
2016-09-27,478,1
2016-09-28,478,2
2016-09-29,478,3
2016-09-30,478,4
2016-10-01,477,5
2016-10-02,477,6
2016-10-03,478,0
2016-10-04,479,1
2016-10-05,480,2
2016-10-06,478,3
2016-10-07,478,4
2016-10-08,478,5
2016-10-09,478,6
2016-10-10,478,0
2016-10-11,478,1
2016-10-12,483,2
2016-10-13,482,3
2016-10-14,482,4
2016-10-15,482,5
2016-10-16,482,6
2016-10-17,482,0
2016-10-18,481,1
2016-10-19,482,2
2016-10-20,482,3
2016-10-21,482,4
2016-10-22,482,5
2016-10-23,482,6
2016-10-24,482,0
2016-10-25,482,1
2016-10-26,482,2
2016-10-27,482,3
2016-10-28,481,4
2016-10-29,481,5
2016-10-30,481,6
2016-10-31,493,0
2016-11-01,481,1
2016-11-02,481,2
2016-11-03,480,3
2016-11-04,480,4
2016-11-05,479,5
2016-11-06,479,6
2016-11-07,479,0
2016-11-08,479,1
2016-11-09,480,2
2016-11-10,480,3
2016-11-11,480,4
2016-11-12,480,5
2016-11-13,480,6
2016-11-14,480,0
2016-11-15,480,1
2016-11-16,461,2
2016-11-17,481,3
2016-11-18,481,4
2016-11-19,481,5
2016-11-20,481,6
2016-11-21,481,0
2016-11-22,482,1
2016-11-23,483,2
2016-11-24,482,3
2016-11-25,482,4
2016-11-26,482,5
2016-11-27,482,6
2016-11-28,482,0
2016-11-29,482,1
2016-11-30,495,2
2016-12-01,481,3
2016-12-02,481,4
2016-12-03,481,5
2016-12-04,481,6
2016-12-05,482,0
2016-12-06,482,1
2016-12-07,482,2
2016-12-08,483,3
2016-12-09,484,4
2016-12-10,484,5
2016-12-11,484,6
2016-12-12,483,0
2016-12-13,482,1
2016-12-14,481,2
2016-12-15,482,3
2016-12-16,482,4
2016-12-17,481,5
2016-12-18,481,6
2016-12-19,481,0
2016-12-20,482,1
2016-12-21,482,2
2016-12-22,482,3
2016-12-23,480,4
2016-12-24,480,5
2016-12-25,480,6
2016-12-26,460,0
2016-12-27,480,1
2016-12-28,479,2
2016-12-29,480,3
2016-12-30,479,4
2016-12-31,493,5
2017-01-01,477,6
2017-01-02,479,0
2017-01-03,479,1
2017-01-04,479,2
2017-01-05,479,3
2017-01-06,479,4
2017-01-07,479,5
2017-01-08,479,6
2017-01-09,479,0
2017-01-10,479,1
2017-01-11,479,2
2017-01-12,479,3
2017-01-13,481,4
2017-01-14,481,5
2017-01-15,481,6
2017-01-16,481,0
2017-01-17,482,1
2017-01-18,482,2
2017-01-19,483,3
2017-01-20,483,4
2017-01-21,483,5
2017-01-22,483,6
2017-01-23,483,0
2017-01-24,483,1
2017-01-25,483,2
2017-01-26,485,3
2017-01-27,485,4
2017-01-28,485,5
2017-01-29,485,6
2017-01-30,485,0
2017-01-31,497,1
2017-02-01,481,2
2017-02-02,481,3
2017-02-03,480,4
2017-02-04,480,5
2017-02-05,480,6
2017-02-06,481,0
2017-02-07,481,1
2017-02-08,481,2
2017-02-09,481,3
2017-02-10,482,4
2017-02-11,481,5
2017-02-12,481,6
2017-02-13,482,0
2017-02-14,482,1
2017-02-15,482,2
2017-02-16,482,3
2017-02-17,482,4
2017-02-18,482,5
2017-02-19,482,6
2017-02-20,482,0
2017-02-21,482,1
2017-02-22,482,2
2017-02-23,482,3
2017-02-24,481,4
2017-02-25,481,5
2017-02-26,481,6
2017-02-27,481,0
2017-02-28,494,1
2017-03-01,494,2
2017-03-02,486,3
2017-03-03,486,4
2017-03-04,486,5
2017-03-05,486,6
2017-03-06,486,0
2017-03-07,486,1
2017-03-08,486,2
2017-03-09,486,3
2017-03-10,488,4
2017-03-11,488,5
2017-03-12,488,6
2017-03-13,488,0
2017-03-14,488,1
2017-03-15,488,2
2017-03-16,486,3
2017-03-17,486,4
2017-03-18,486,5
2017-03-19,486,6
2017-03-20,486,0
2017-03-21,487,1
2017-03-22,487,2
2017-03-23,486,3
2017-03-24,486,4
2017-03-25,486,5
2017-03-26,486,6
2017-03-27,487,0
2017-03-28,487,1
2017-03-29,487,2
2017-03-30,487,3
2017-03-31,484,4
2017-04-01,481,5
2017-04-02,481,6
2017-04-03,480,0
2017-04-04,480,1
2017-04-05,480,2
2017-04-06,480,3
2017-04-07,480,4
2017-04-08,480,5
2017-04-09,480,6
2017-04-10,480,0
2017-04-11,481,1
2017-04-12,481,2
2017-04-13,481,3
2017-04-14,481,4
2017-04-15,481,5
2017-04-16,481,6
2017-04-17,481,0
2017-04-18,481,1
2017-04-19,481,2
2017-04-20,482,3
2017-04-21,482,4
2017-04-22,482,5
2017-04-23,482,6
2017-04-24,483,0
2017-04-25,483,1
2017-04-26,482,2
2017-04-27,482,3
2017-04-28,483,4
2017-04-29,483,5
2017-04-30,483,6
2017-05-01,483,0
2017-05-02,483,1
2017-05-03,483,2
2017-05-04,483,3
2017-05-05,483,4
2017-05-06,483,5
2017-05-07,482,6
2017-05-08,482,0
2017-05-09,483,1
2017-05-10,483,2
2017-05-11,483,3
2017-05-12,483,4
2017-05-13,483,5
2017-05-14,483,6
2017-05-15,483,0
2017-05-16,483,1
2017-05-17,482,2
2017-05-18,482,3
2017-05-19,482,4
2017-05-20,481,5
2017-05-21,481,6
2017-05-22,481,0
2017-05-23,481,1
2017-05-24,481,2
2017-05-25,481,3
2017-05-26,481,4
2017-05-27,481,5
2017-05-28,481,6
2017-05-29,481,0
2017-05-30,481,1
2017-05-31,479,2
2017-06-01,479,3
2017-06-02,479,4
2017-06-03,479,5
2017-06-04,479,6
2017-06-05,479,0
2017-06-06,479,1
2017-06-07,479,2
2017-06-08,479,3
2017-06-09,479,4
2017-06-10,479,5
2017-06-11,479,6
2017-06-12,480,0
2017-06-13,479,1
2017-06-14,479,2
2017-06-15,479,3
2017-06-16,479,4
2017-06-17,479,5
2017-06-18,479,6
2017-06-19,479,0
2017-06-20,478,1
2017-06-21,478,2
2017-06-22,478,3
2017-06-23,477,4
2017-06-24,477,5
2017-06-25,477,6
2017-06-26,477,0
2017-06-27,478,1
2017-06-28,478,2
2017-06-29,478,3
2017-06-30,478,4
2017-07-01,477,5
2017-07-02,477,6
2017-07-03,477,0
2017-07-04,477,1
2017-07-05,477,2
2017-07-06,477,3
2017-07-07,477,4
2017-07-08,477,5
2017-07-09,477,6
2017-07-10,477,0
2017-07-11,477,1
2017-07-12,477,2
2017-07-13,477,3
2017-07-14,477,4
2017-07-15,477,5
2017-07-16,477,6
2017-07-17,478,0
2017-07-18,478,1
2017-07-19,478,2
2017-07-20,478,3
2017-07-21,478,4
2017-07-22,478,5
2017-07-23,478,6
2017-07-24,478,0
2017-07-25,478,1
2017-07-26,478,2
2017-07-27,478,3
2017-07-28,478,4
2017-07-29,477,5
2017-07-30,477,6
2017-07-31,477,0
2017-08-01,477,1
2017-08-02,478,2
2017-08-03,478,3
2017-08-04,478,4
2017-08-05,478,5
2017-08-06,478,6
2017-08-07,478,0
2017-08-08,483,1
2017-08-09,483,2
2017-08-10,484,3
2017-08-11,484,4
2017-08-12,484,5
2017-08-13,484,6
2017-08-14,484,0
2017-08-15,484,1
2017-08-16,484,2
2017-08-17,484,3
2017-08-18,487,4
2017-08-19,489,5
2017-08-20,489,6
2017-08-21,489,0
2017-08-22,489,1
2017-08-23,489,2
2017-08-24,489,3
2017-08-25,489,4
2017-08-26,489,5
2017-08-27,489,6
2017-08-28,489,0
2017-08-29,490,1
2017-08-30,491,2
2017-08-31,489,3
2017-09-01,490,4
2017-09-02,492,5
2017-09-03,492,6
2017-09-04,495,0
2017-09-05,495,1
2017-09-06,496,2
2017-09-07,497,3
2017-09-08,501,4
2017-09-09,501,5
2017-09-10,501,6
2017-09-11,501,0
2017-09-12,501,1
2017-09-13,501,2
2017-09-14,501,3
2017-09-15,502,4
2017-09-16,502,5
2017-09-17,502,6
2017-09-18,502,0
2017-09-19,502,1
2017-09-20,502,2
2017-09-21,502,3
2017-09-22,502,4
2017-09-23,502,5
2017-09-24,502,6
2017-09-25,501,0
2017-09-26,501,1
2017-09-27,501,2
2017-09-28,502,3
2017-09-29,501,4
2017-09-30,500,5
2017-10-01,499,6
2017-10-02,499,0
2017-10-03,498,1
2017-10-04,498,2
2017-10-05,498,3
2017-10-06,497,4
2017-10-07,497,5
2017-10-08,497,6
2017-10-09,504,0
2017-10-10,504,1
2017-10-11,507,2
2017-10-12,507,3
2017-10-13,506,4
2017-10-14,506,5
2017-10-15,499,6
2017-10-16,505,0
2017-10-17,506,1
2017-10-18,506,2
2017-10-19,507,3
2017-10-20,507,4
2017-10-21,507,5
2017-10-22,507,6
2017-10-23,507,0
2017-10-24,507,1
2017-10-25,507,2
2017-10-26,507,3
2017-10-27,506,4
2017-10-28,506,5
2017-10-29,506,6
2017-10-30,506,0
2017-10-31,510,1
2017-11-01,508,2
2017-11-02,507,3
2017-11-03,507,4
2017-11-04,507,5
2017-11-05,507,6
2017-11-06,507,0
2017-11-07,507,1
2017-11-08,507,2
2017-11-09,507,3
2017-11-10,507,4
2017-11-11,507,5
2017-11-12,507,6
2017-11-13,507,0
2017-11-14,507,1
2017-11-15,507,2
2017-11-16,509,3
2017-11-17,509,4
2017-11-18,509,5
2017-11-19,509,6
2017-11-20,509,0
2017-11-21,509,1
2017-11-22,509,2
2017-11-23,509,3
2017-11-24,509,4
2017-11-25,510,5
2017-11-26,510,6
2017-11-27,510,0
2017-11-28,511,1
2017-11-29,511,2
2017-11-30,513,3
2017-12-01,511,4
2017-12-02,511,5
2017-12-03,511,6
2017-12-04,511,0
2017-12-05,511,1
2017-12-06,511,2
2017-12-07,511,3
2017-12-08,511,4
2017-12-09,511,5
2017-12-10,511,6
2017-12-11,512,0
2017-12-12,510,1
2017-12-13,513,2
2017-12-14,514,3
2017-12-15,514,4
2017-12-16,513,5
2017-12-17,513,6
2017-12-18,513,0
2017-12-19,513,1
2017-12-20,513,2
2017-12-21,513,3
2017-12-22,515,4
2017-12-23,515,5
2017-12-24,515,6
2017-12-25,515,0
2017-12-26,522,1
2017-12-27,522,2
2017-12-28,521,3
2017-12-29,521,4
2017-12-30,521,5
2017-12-31,521,6
2018-01-01,520,0
2018-01-02,520,1
2018-01-03,519,2
2018-01-04,519,3
2018-01-05,519,4
2018-01-06,519,5
2018-01-07,519,6
2018-01-08,519,0
2018-01-09,519,1
2018-01-10,520,2
2018-01-11,519,3
2018-01-12,518,4
2018-01-13,518,5
2018-01-14,518,6
2018-01-15,519,0
2018-01-16,515,1
2018-01-17,515,2
2018-01-18,515,3
2018-01-19,518,4
2018-01-20,518,5
2018-01-21,518,6
2018-01-22,518,0
2018-01-23,518,1
2018-01-24,518,2
2018-01-25,518,3
2018-01-26,518,4
2018-01-27,518,5
2018-01-28,518,6
2018-01-29,520,0
2018-01-30,519,1
2018-01-31,524,2
2018-02-01,526,3
2018-02-02,526,4
2018-02-03,526,5
2018-02-04,526,6
2018-02-05,527,0
2018-02-06,528,1
2018-02-07,530,2
2018-02-08,532,3
2018-02-09,532,4
2018-02-10,532,5
2018-02-11,532,6
2018-02-12,532,0
2018-02-13,532,1
2018-02-14,534,2
2018-02-15,533,3
2018-02-16,533,4
2018-02-17,532,5
2018-02-18,532,6
2018-02-19,532,0
2018-02-20,532,1
2018-02-21,533,2
2018-02-22,533,3
2018-02-23,533,4
2018-02-24,533,5
2018-02-25,533,6
2018-02-26,535,0
2018-02-27,535,1
2018-02-28,536,2
2018-03-01,535,3
2018-03-02,535,4
2018-03-03,535,5
2018-03-04,535,6
2018-03-05,535,0
2018-03-06,534,1
2018-03-07,533,2
2018-03-08,533,3
2018-03-09,534,4
2018-03-10,534,5
2018-03-11,534,6
2018-03-12,534,0
2018-03-13,534,1
2018-03-14,535,2
2018-03-15,535,3
2018-03-16,535,4
2018-03-17,535,5
2018-03-18,535,6
2018-03-19,535,0
2018-03-20,535,1
2018-03-21,535,2
2018-03-22,305,3
2018-03-23,533,4
2018-03-24,533,5
2018-03-25,533,6
2018-03-26,533,0
2018-03-27,533,1
2018-03-28,531,2
2018-03-29,531,3
2018-03-30,531,4
2018-03-31,532,5
2018-04-01,549,6
2018-04-02,549,0
2018-04-03,549,1
2018-04-04,549,2
2018-04-05,549,3
2018-04-06,549,4
2018-04-07,549,5
2018-04-08,549,6
2018-04-09,549,0
2018-04-10,549,1
2018-04-11,550,2
2018-04-12,551,3
2018-04-13,551,4
2018-04-14,551,5
2018-04-15,551,6
2018-04-16,551,0
2018-04-17,551,1
2018-04-18,552,2
2018-04-19,553,3
2018-04-20,551,4
2018-04-21,551,5
2018-04-22,551,6
2018-04-23,551,0
2018-04-24,551,1
2018-04-25,556,2
2018-04-26,557,3
2018-04-27,557,4
2018-04-28,557,5
2018-04-29,557,6
2018-04-30,554,0
2018-05-01,559,1
2018-05-02,559,2
2018-05-03,559,3
2018-05-04,558,4
2018-05-05,472,5
2018-05-06,558,6
2018-05-07,551,0
2018-05-08,558,1
2018-05-09,558,2
2018-05-10,558,3
2018-05-11,557,4
2018-05-12,557,5
2018-05-13,557,6
2018-05-14,557,0
2018-05-15,471,1
2018-05-16,557,2
2018-05-17,557,3
2018-05-18,557,4
2018-05-19,556,5
2018-05-20,556,6
2018-05-21,556,0
2018-05-22,556,1
2018-05-23,556,2
2018-05-24,557,3
2018-05-25,558,4
2018-05-26,556,5
2018-05-27,556,6
2018-05-28,556,0
2018-05-29,556,1
2018-05-30,556,2
2018-05-31,558,3
2018-06-01,559,4
2018-06-02,559,5
2018-06-03,559,6
2018-06-04,559,0
2018-06-05,560,1
2018-06-06,560,2
2018-06-07,560,3
2018-06-08,559,4
2018-06-09,559,5
2018-06-10,559,6
2018-06-11,559,0
2018-06-12,559,1
2018-06-13,562,2
2018-06-14,562,3
2018-06-15,562,4
2018-06-16,561,5
2018-06-17,561,6
2018-06-18,562,0
2018-06-19,562,1
2018-06-20,563,2
2018-06-21,563,3
2018-06-22,563,4
2018-06-23,563,5
2018-06-24,563,6
2018-06-25,563,0
2018-06-26,563,1
2018-06-27,564,2
2018-06-28,564,3
2018-06-29,564,4
2018-06-30,564,5
2018-07-01,572,6
2018-07-02,572,0
2018-07-03,572,1
2018-07-04,572,2
2018-07-05,572,3
2018-07-06,572,4
2018-07-07,571,5
2018-07-08,571,6
2018-07-09,571,0
2018-07-10,573,1
2018-07-11,573,2
2018-07-12,573,3
2018-07-13,573,4
2018-07-14,573,5
2018-07-15,573,6
2018-07-16,573,0
2018-07-17,572,1
2018-07-18,572,2
2018-07-19,572,3
2018-07-20,572,4
2018-07-21,572,5
2018-07-22,572,6
2018-07-23,572,0
2018-07-24,572,1
2018-07-25,573,2
2018-07-26,573,3
2018-07-27,572,4
2018-07-28,572,5
2018-07-29,572,6
2018-07-30,572,0
2018-07-31,573,1
2018-08-01,575,2
2018-08-02,574,3
2018-08-03,572,4
2018-08-04,572,5
2018-08-05,572,6
2018-08-06,573,0
2018-08-07,573,1
2018-08-08,571,2
2018-08-09,571,3
2018-08-10,572,4
2018-08-11,572,5
2018-08-12,572,6
2018-08-13,574,0
2018-08-14,573,1
2018-08-15,574,2
2018-08-16,578,3
2018-08-17,577,4
2018-08-18,577,5
2018-08-19,577,6
2018-08-20,577,0
2018-08-21,577,1
2018-08-22,578,2
2018-08-23,578,3
2018-08-24,578,4
2018-08-25,578,5
2018-08-26,578,6
2018-08-27,578,0
2018-08-28,578,1
2018-08-29,577,2
2018-08-30,577,3
2018-08-31,577,4
2018-09-01,578,5
2018-09-02,578,6
2018-09-03,578,0
2018-09-04,579,1
2018-09-05,580,2
2018-09-06,580,3
2018-09-07,575,4
2018-09-08,575,5
2018-09-09,575,6
2018-09-10,576,0
2018-09-11,576,1
2018-09-12,576,2
2018-09-13,576,3
2018-09-14,575,4
2018-09-15,575,5
2018-09-16,575,6
2018-09-17,575,0
2018-09-18,575,1
2018-09-19,575,2
2018-09-20,575,3
2018-09-21,575,4
2018-09-22,575,5
2018-09-23,575,6
2018-09-24,575,0
2018-09-25,575,1
2018-09-26,575,2
2018-09-27,574,3
2018-09-28,574,4
2018-09-29,574,5
2018-09-30,574,6
2018-10-01,575,0
2018-10-02,575,1
2018-10-03,575,2
2018-10-04,576,3
2018-10-05,576,4
2018-10-06,576,5
2018-10-07,576,6
2018-10-08,576,0
2018-10-09,576,1
2018-10-10,575,2
2018-10-11,575,3
2018-10-12,577,4
2018-10-13,577,5
2018-10-14,577,6
2018-10-15,577,0
2018-10-16,577,1
2018-10-17,577,2
2018-10-18,576,3
2018-10-19,576,4
2018-10-20,576,5
2018-10-21,576,6
2018-10-22,576,0
2018-10-23,576,1
2018-10-24,577,2
2018-10-25,577,3
2018-10-26,577,4
2018-10-27,569,5
2018-10-28,577,6
2018-10-29,578,0
2018-10-30,563,1
2018-10-31,563,2
2018-11-01,564,3
2018-11-02,564,4
2018-11-03,564,5
2018-11-04,564,6
2018-11-05,564,0
2018-11-06,564,1
2018-11-07,563,2
2018-11-08,563,3
2018-11-09,563,4
2018-11-10,563,5
2018-11-11,563,6
2018-11-12,563,0
2018-11-13,563,1
2018-11-14,563,2
2018-11-15,562,3
2018-11-16,562,4
2018-11-17,562,5
2018-11-18,562,6
2018-11-19,562,0
2018-11-20,562,1
2018-11-21,562,2
2018-11-22,562,3
2018-11-23,563,4
2018-11-24,563,5
2018-11-25,563,6
2018-11-26,563,0
2018-11-27,564,1
2018-11-28,564,2
2018-11-29,579,3
2018-11-30,568,4
2018-12-01,579,5
2018-12-02,579,6
2018-12-03,581,0
2018-12-04,581,1
2018-12-05,581,2
2018-12-06,580,3
2018-12-07,580,4
2018-12-08,580,5
2018-12-09,579,6
2018-12-10,580,0
2018-12-11,579,1
2018-12-12,581,2
2018-12-13,582,3
2018-12-14,582,4
2018-12-15,581,5
2018-12-16,581,6
2018-12-17,581,0
2018-12-18,582,1
2018-12-19,582,2
2018-12-20,582,3
2018-12-21,584,4
2018-12-22,580,5
2018-12-23,580,6
2018-12-24,580,0
2018-12-25,580,1
2018-12-26,580,2
2018-12-27,578,3
2018-12-28,571,4
2018-12-29,578,5
2018-12-30,578,6
2018-12-31,575,0
2019-01-01,577,1
2019-01-02,577,2
2019-01-03,577,3
2019-01-04,577,4
2019-01-05,577,5
2019-01-06,577,6
2019-01-07,577,0
2019-01-08,586,1
2019-01-09,586,2
2019-01-10,586,3
2019-01-11,586,4
2019-01-12,586,5
2019-01-13,586,6
2019-01-14,586,0
2019-01-15,586,1
2019-01-16,586,2
2019-01-17,587,3
2019-01-18,587,4
2019-01-19,587,5
2019-01-20,587,6
2019-01-21,588,0
2019-01-22,585,1
2019-01-23,585,2
2019-01-24,585,3
2019-01-25,585,4
2019-01-26,585,5
2019-01-27,590,6
2019-01-28,588,0
2019-01-29,587,1
2019-01-30,584,2
2019-01-31,584,3
2019-02-01,602,4
2019-02-02,601,5
2019-02-03,601,6
2019-02-04,601,0
2019-02-05,601,1
2019-02-06,601,2
2019-02-07,601,3
2019-02-08,602,4
2019-02-09,600,5
2019-02-10,600,6
2019-02-11,600,0
2019-02-12,599,1
2019-02-13,595,2
2019-02-14,595,3
2019-02-15,596,4
2019-02-16,595,5
2019-02-17,595,6
2019-02-18,595,0
2019-02-19,596,1
2019-02-20,595,2
2019-02-21,595,3
2019-02-22,595,4
2019-02-23,595,5
2019-02-24,595,6
2019-02-25,595,0
2019-02-26,595,1
2019-02-27,595,2
2019-02-28,595,3
2019-03-01,596,4
2019-03-02,596,5
2019-03-03,597,6
2019-03-04,597,0
2019-03-05,598,1
2019-03-06,598,2
2019-03-07,599,3
2019-03-08,599,4
2019-03-09,597,5
2019-03-10,597,6
2019-03-11,600,0
2019-03-12,601,1
2019-03-13,601,2
2019-03-14,601,3
2019-03-15,601,4
2019-03-16,601,5
2019-03-17,601,6
2019-03-18,601,0
2019-03-19,601,1
2019-03-20,600,2
2019-03-21,601,3
2019-03-22,601,4
2019-03-23,601,5
2019-03-24,601,6
2019-03-25,601,0
2019-03-26,601,1
2019-03-27,601,2
2019-03-28,601,3
2019-03-29,598,4
2019-03-30,597,5
2019-03-31,597,6
2019-04-01,605,0
2019-04-02,605,1
2019-04-03,604,2
2019-04-04,603,3
2019-04-05,602,4
2019-04-06,598,5
2019-04-07,598,6
2019-04-08,600,0
2019-04-09,600,1
2019-04-10,601,2
2019-04-11,602,3
2019-04-12,603,4
2019-04-13,603,5
2019-04-14,603,6
2019-04-15,603,0
2019-04-16,606,1
2019-04-17,606,2
2019-04-18,606,3
2019-04-19,606,4
2019-04-20,606,5
2019-04-21,606,6
2019-04-22,606,0
2019-04-23,608,1
2019-04-24,608,2
2019-04-25,607,3
2019-04-26,607,4
2019-04-27,608,5
2019-04-28,608,6
2019-04-29,609,0
2019-04-30,608,1
2019-05-01,611,2
2019-05-02,607,3
2019-05-03,606,4
2019-05-04,606,5
2019-05-05,606,6
2019-05-06,607,0
2019-05-07,607,1
2019-05-08,608,2
2019-05-09,609,3
2019-05-10,613,4
2019-05-11,613,5
2019-05-12,613,6
2019-05-13,613,0
2019-05-14,614,1
2019-05-15,614,2
2019-05-16,611,3
2019-05-17,611,4
2019-05-18,611,5
2019-05-19,611,6
2019-05-20,611,0
2019-05-21,613,1
2019-05-22,614,2
2019-05-23,613,3
2019-05-24,612,4
2019-05-25,612,5
2019-05-26,612,6
2019-05-27,612,0
2019-05-28,614,1
2019-05-29,614,2
2019-05-30,615,3
2019-05-31,617,4
2019-06-01,623,5
2019-06-02,623,6
2019-06-03,623,0
2019-06-04,624,1
2019-06-05,626,2
2019-06-06,626,3
2019-06-07,627,4
2019-06-08,627,5
2019-06-09,627,6
2019-06-10,627,0
2019-06-11,628,1
2019-06-12,628,2
2019-06-13,627,3
2019-06-14,628,4
2019-06-15,628,5
2019-06-16,628,6
2019-06-17,628,0
2019-06-18,628,1
2019-06-19,628,2
2019-06-20,628,3
2019-06-21,629,4
2019-06-22,627,5
2019-06-23,627,6
2019-06-24,627,0
2019-06-25,627,1
2019-06-26,628,2
2019-06-27,629,3
2019-06-28,628,4
2019-06-29,627,5
2019-06-30,628,6
2019-07-01,628,0
2019-07-02,628,1
2019-07-03,628,2
2019-07-04,629,3
2019-07-05,629,4
2019-07-06,628,5
2019-07-07,628,6
2019-07-08,628,0
2019-07-09,628,1
2019-07-10,634,2
2019-07-11,636,3
2019-07-12,635,4
2019-07-13,634,5
2019-07-14,634,6
2019-07-15,634,0
2019-07-16,634,1
2019-07-17,635,2
2019-07-18,638,3
2019-07-19,638,4
2019-07-20,638,5
2019-07-21,638,6
2019-07-22,638,0
2019-07-23,639,1
2019-07-24,639,2
2019-07-25,638,3
2019-07-26,637,4
2019-07-27,637,5
2019-07-28,637,6
2019-07-29,639,0
2019-07-30,639,1
2019-07-31,638,2
2019-08-01,637,3
2019-08-02,637,4
2019-08-03,637,5
2019-08-04,637,6
2019-08-05,641,0
2019-08-06,642,1
2019-08-07,641,2
2019-08-08,642,3
2019-08-09,642,4
2019-08-10,642,5
2019-08-11,642,6
2019-08-12,643,0
2019-08-13,643,1
2019-08-14,642,2
2019-08-15,642,3
2019-08-16,642,4
2019-08-17,642,5
2019-08-18,642,6
2019-08-19,642,0
2019-08-20,643,1
2019-08-21,644,2
2019-08-22,643,3
2019-08-23,643,4
2019-08-24,642,5
2019-08-25,642,6
2019-08-26,642,0
2019-08-27,641,1
2019-08-28,642,2
2019-08-29,643,3
2019-08-30,643,4
2019-08-31,643,5
2019-09-01,649,6
2019-09-02,649,0
2019-09-03,649,1
2019-09-04,649,2
2019-09-05,651,3
2019-09-06,651,4
2019-09-07,651,5
2019-09-08,651,6
2019-09-09,651,0
2019-09-10,651,1
2019-09-11,650,2
2019-09-12,649,3
2019-09-13,649,4
2019-09-14,649,5
2019-09-15,649,6
2019-09-16,649,0
2019-09-17,649,1
2019-09-18,650,2
2019-09-19,648,3
2019-09-20,649,4
2019-09-21,649,5
2019-09-22,649,6
2019-09-23,649,0
2019-09-24,649,1
2019-09-25,648,2
2019-09-26,648,3
2019-09-27,648,4
2019-09-28,648,5
2019-09-29,648,6
2019-09-30,650,0
2019-10-01,647,1
2019-10-02,647,2
2019-10-03,648,3
2019-10-04,648,4
2019-10-05,648,5
2019-10-06,648,6
2019-10-07,648,0
2019-10-08,647,1
2019-10-09,647,2
2019-10-10,647,3
2019-10-11,647,4
2019-10-12,646,5
2019-10-13,646,6
2019-10-14,646,0
2019-10-15,646,1
2019-10-16,646,2
2019-10-17,646,3
2019-10-18,648,4
2019-10-19,648,5
2019-10-20,648,6
2019-10-21,649,0
2019-10-22,649,1
2019-10-23,650,2
2019-10-24,650,3
2019-10-25,650,4
2019-10-26,650,5
2019-10-27,650,6
2019-10-28,650,0
2019-10-29,649,1
2019-10-30,650,2
2019-10-31,651,3
2019-11-01,650,4
2019-11-02,650,5
2019-11-03,650,6
2019-11-04,650,0
2019-11-05,651,1
2019-11-06,654,2
2019-11-07,653,3
2019-11-08,653,4
2019-11-09,653,5
2019-11-10,653,6
2019-11-11,653,0
2019-11-12,653,1
2019-11-13,654,2
2019-11-14,654,3
2019-11-15,653,4
2019-11-16,653,5
2019-11-17,653,6
2019-11-18,654,0
2019-11-19,654,1
2019-11-20,652,2
2019-11-21,651,3
2019-11-22,651,4
2019-11-23,651,5
2019-11-24,651,6
2019-11-25,651,0
2019-11-26,650,1
2019-11-27,650,2
2019-11-28,650,3
2019-11-29,650,4
2019-11-30,650,5
2019-12-01,649,6
2019-12-02,663,0
2019-12-03,663,1
2019-12-04,662,2
2019-12-05,663,3
2019-12-06,664,4
2019-12-07,664,5
2019-12-08,664,6
2019-12-09,665,0
2019-12-10,665,1
2019-12-11,666,2
2019-12-12,666,3
2019-12-13,664,4
2019-12-14,664,5
2019-12-15,664,6
2019-12-16,667,0
2019-12-17,668,1
2019-12-18,669,2
2019-12-19,669,3
2019-12-20,670,4
2019-12-21,669,5
2019-12-22,669,6
2019-12-23,671,0
2019-12-24,671,1
2019-12-25,670,2
2019-12-26,669,3
2019-12-27,668,4
2019-12-28,667,5
2019-12-29,667,6
2019-12-30,669,0
2019-12-31,675,1
2020-01-01,675,2
2020-01-02,675,3
2020-01-03,675,4
2020-01-04,675,5
2020-01-05,675,6
2020-01-06,675,0
2020-01-07,676,1
2020-01-08,677,2
2020-01-09,678,3
2020-01-10,679,4
2020-01-11,678,5
2020-01-12,677,6
2020-01-13,679,0
2020-01-14,679,1
2020-01-15,678,2
2020-01-16,676,3
2020-01-17,677,4
2020-01-18,677,5
2020-01-19,677,6
2020-01-20,684,0
2020-01-21,684,1
2020-01-22,685,2
2020-01-23,684,3
2020-01-24,684,4
2020-01-25,684,5
2020-01-26,684,6
2020-01-27,685,0
2020-01-28,685,1
2020-01-29,684,2
2020-01-30,684,3
2020-01-31,685,4
2020-02-01,684,5
2020-02-02,684,6
2020-02-03,685,0
2020-02-04,685,1
2020-02-05,686,2
2020-02-06,686,3
2020-02-07,686,4
2020-02-08,686,5
2020-02-09,686,6
2020-02-10,686,0
2020-02-11,687,1
2020-02-12,688,2
2020-02-13,689,3
2020-02-14,688,4
2020-02-15,688,5
2020-02-16,688,6
2020-02-17,689,0
2020-02-18,688,1
2020-02-19,688,2
2020-02-20,688,3
2020-02-21,688,4
2020-02-22,688,5
2020-02-23,688,6
2020-02-24,688,0
2020-02-25,689,1
2020-02-26,690,2
2020-02-27,691,3
2020-02-28,691,4
2020-02-29,686,5
2020-03-01,686,6
2020-03-02,686,0
2020-03-03,686,1
2020-03-04,686,2
2020-03-05,687,3
2020-03-06,688,4
2020-03-07,687,5
2020-03-08,687,6
2020-03-09,687,0
2020-03-10,686,1
2020-03-11,685,2
2020-03-12,685,3
2020-03-13,681,4
2020-03-14,680,5
2020-03-15,680,6
2020-03-16,680,0
2020-03-17,680,1
2020-03-18,678,2
2020-03-19,678,3
2020-03-20,678,4
2020-03-21,677,5
2020-03-22,677,6
2020-03-23,677,0
2020-03-24,678,1
2020-03-25,678,2
2020-03-26,679,3
2020-03-27,679,4
2020-03-28,678,5
2020-03-29,678,6
2020-03-30,678,0
2020-03-31,677,1
2020-04-01,678,2
2020-04-02,678,3
2020-04-03,678,4
2020-04-04,677,5
2020-04-05,677,6
2020-04-06,677,0
2020-04-07,680,1
2020-04-08,680,2
2020-04-09,679,3
2020-04-10,679,4
2020-04-11,679,5
2020-04-12,679,6
2020-04-13,679,0
2020-04-14,681,1
2020-04-15,681,2
2020-04-16,682,3
2020-04-17,678,4
2020-04-18,681,5
2020-04-19,677,6
2020-04-20,676,0
2020-04-21,680,1
2020-04-22,679,2
2020-04-23,678,3
2020-04-24,678,4
2020-04-25,678,5
2020-04-26,678,6
2020-04-27,679,0
2020-04-28,675,1
2020-04-29,679,2
2020-04-30,679,3
2020-05-01,679,4
2020-05-02,679,5
2020-05-03,675,6
2020-05-04,678,0
2020-05-05,678,1
2020-05-06,679,2
2020-05-07,678,3
2020-05-08,680,4
2020-05-09,680,5
2020-05-10,680,6
2020-05-11,680,0
2020-05-12,679,1
2020-05-13,674,2
2020-05-14,678,3
2020-05-15,678,4
2020-05-16,678,5
2020-05-17,678,6
2020-05-18,676,0
2020-05-19,676,1
2020-05-20,676,2
2020-05-21,677,3
2020-05-22,682,4
2020-05-23,680,5
2020-05-24,680,6
2020-05-25,680,0
2020-05-26,677,1
2020-05-27,681,2
2020-05-28,681,3
2020-05-29,680,4
2020-05-30,676,5
2020-05-31,680,6
2020-06-01,685,0
2020-06-02,674,1
2020-06-03,675,2
2020-06-04,671,3
2020-06-05,666,4
2020-06-06,666,5
2020-06-07,666,6
2020-06-08,666,0
2020-06-09,675,1
2020-06-10,674,2
2020-06-11,673,3
2020-06-12,675,4
2020-06-13,675,5
2020-06-14,675,6
2020-06-15,675,0
2020-06-16,668,1
2020-06-17,676,2
2020-06-18,676,3
2020-06-19,675,4
2020-06-20,674,5
2020-06-21,674,6
2020-06-22,667,0
2020-06-23,666,1
2020-06-24,666,2
2020-06-25,666,3
2020-06-26,664,4
2020-06-27,671,5
2020-06-28,671,6
2020-06-29,671,0
2020-06-30,667,1
2020-07-01,675,2
2020-07-02,674,3
2020-07-03,676,4
2020-07-04,668,5
2020-07-05,668,6
2020-07-06,668,0
2020-07-07,668,1
2020-07-08,675,2
2020-07-09,673,3
2020-07-10,676,4
2020-07-11,675,5
2020-07-12,670,6
2020-07-13,677,0
2020-07-14,669,1
2020-07-15,662,2
2020-07-16,677,3
2020-07-17,677,4
2020-07-18,676,5
2020-07-19,676,6
2020-07-20,676,0
2020-07-21,669,1
2020-07-22,670,2
2020-07-23,671,3
2020-07-24,678,4
2020-07-25,674,5
2020-07-26,674,6
2020-07-27,671,0
2020-07-28,678,1
2020-07-29,678,2
2020-07-30,679,3
2020-07-31,670,4
2020-08-01,678,5
2020-08-02,678,6
2020-08-03,678,0
2020-08-04,668,1
2020-08-05,668,2
2020-08-06,668,3
2020-08-07,675,4
2020-08-08,667,5
2020-08-09,675,6
2020-08-10,678,0
2020-08-11,670,1
2020-08-12,678,2
2020-08-13,678,3
2020-08-14,678,4
2020-08-15,670,5
2020-08-16,678,6
2020-08-17,678,0
2020-08-18,678,1
2020-08-19,677,2
2020-08-20,673,3
2020-08-21,674,4
2020-08-22,673,5
2020-08-23,681,6
2020-08-24,673,0
2020-08-25,682,1
2020-08-26,682,2
2020-08-27,682,3
2020-08-28,673,4
2020-08-29,680,5
2020-08-30,680,6
2020-08-31,682,0
2020-09-01,682,1
2020-09-02,682,2
2020-09-03,681,3
2020-09-04,671,4
2020-09-05,671,5
2020-09-06,671,6
2020-09-07,671,0
2020-09-08,671,1
2020-09-09,679,2
2020-09-10,680,3
2020-09-11,681,4
2020-09-12,681,5
2020-09-13,681,6
2020-09-14,681,0
2020-09-15,681,1
2020-09-16,669,2
2020-09-17,681,3
2020-09-18,681,4
2020-09-19,680,5
2020-09-20,680,6
2020-09-21,680,0
2020-09-22,674,1
2020-09-23,673,2
2020-09-24,673,3
2020-09-25,675,4
2020-09-26,675,5
2020-09-27,683,6
2020-09-28,683,0
2020-09-29,684,1
2020-09-30,686,2
2020-10-01,685,3
2020-10-02,687,4
2020-10-03,686,5
2020-10-04,678,6
2020-10-05,679,0
2020-10-06,678,1
2020-10-07,678,2
2020-10-08,679,3
2020-10-09,687,4
2020-10-10,687,5
2020-10-11,687,6
2020-10-12,687,0
2020-10-13,687,1
2020-10-14,688,2
2020-10-15,689,3
2020-10-16,681,4
2020-10-17,680,5
2020-10-18,682,6
2020-10-19,682,0
2020-10-20,674,1
2020-10-21,683,2
2020-10-22,683,3
2020-10-23,683,4
2020-10-24,683,5
2020-10-25,683,6
2020-10-26,683,0
2020-10-27,683,1
2020-10-28,684,2
2020-10-29,684,3
2020-10-30,685,4
2020-10-31,684,5
2020-11-01,683,6
2020-11-02,683,0
2020-11-03,683,1
2020-11-04,682,2
2020-11-05,682,3
2020-11-06,682,4
2020-11-07,680,5
2020-11-08,680,6
2020-11-09,683,0
2020-11-10,683,1
2020-11-11,683,2
2020-11-12,683,3
2020-11-13,682,4
2020-11-14,682,5
2020-11-15,682,6
2020-11-16,677,0
2020-11-17,685,1
2020-11-18,682,2
2020-11-19,683,3
2020-11-20,683,4
2020-11-21,683,5
2020-11-22,683,6
2020-11-23,684,0
2020-11-24,684,1
2020-11-25,684,2
2020-11-26,684,3
2020-11-27,684,4
2020-11-28,684,5
2020-11-29,684,6
2020-11-30,685,0
2020-12-01,687,1
2020-12-02,687,2
2020-12-03,687,3
2020-12-04,684,4
2020-12-05,685,5
2020-12-06,685,6
2020-12-07,685,0
2020-12-08,685,1
2020-12-09,687,2
2020-12-10,684,3
2020-12-11,684,4
2020-12-12,684,5
2020-12-13,684,6
2020-12-14,684,0
2020-12-15,684,1
2020-12-16,684,2
2020-12-17,686,3
2020-12-18,687,4
2020-12-19,687,5
2020-12-20,687,6
2020-12-21,687,0
2020-12-22,687,1
2020-12-23,687,2
2020-12-24,687,3
2020-12-25,687,4
2020-12-26,687,5
2020-12-27,687,6
2020-12-28,693,0
2020-12-29,694,1
2020-12-30,694,2
2020-12-31,692,3
2021-01-01,693,4
2021-01-02,694,5
2021-01-03,696,6
2021-01-04,696,0
2021-01-05,697,1
2021-01-06,698,2
2021-01-07,698,3
2021-01-08,698,4
2021-01-09,697,5
2021-01-10,697,6
2021-01-11,697,0
2021-01-12,698,1
2021-01-13,698,2
2021-01-14,698,3
2021-01-15,698,4
2021-01-16,698,5
2021-01-17,698,6
2021-01-18,698,0
2021-01-19,705,1
2021-01-20,704,2
2021-01-21,705,3
2021-01-22,704,4
2021-01-23,703,5
2021-01-24,703,6
2021-01-25,703,0
2021-01-26,703,1
2021-01-27,703,2
2021-01-28,703,3
2021-01-29,703,4
2021-01-30,703,5
2021-01-31,703,6
2021-02-01,705,0
2021-02-02,706,1
2021-02-03,709,2
2021-02-04,709,3
2021-02-05,710,4
2021-02-06,710,5
2021-02-07,711,6
2021-02-08,713,0
2021-02-09,713,1
2021-02-10,713,2
2021-02-11,713,3
2021-02-12,712,4
2021-02-13,712,5
2021-02-14,712,6
2021-02-15,712,0
2021-02-16,712,1
2021-02-17,712,2
2021-02-18,715,3
2021-02-19,707,4
2021-02-20,707,5
2021-02-21,714,6
2021-02-22,716,0
2021-02-23,716,1
2021-02-24,716,2
2021-02-25,718,3
2021-02-26,718,4
2021-02-27,718,5
2021-02-28,718,6
2021-03-01,714,0
2021-03-02,716,1
2021-03-03,715,2
2021-03-04,714,3
2021-03-05,716,4
2021-03-06,716,5
2021-03-07,715,6
2021-03-08,716,0
2021-03-09,716,1
2021-03-10,717,2
2021-03-11,718,3
2021-03-12,717,4
2021-03-13,717,5
2021-03-14,717,6
2021-03-15,713,0
2021-03-16,714,1
2021-03-17,714,2
2021-03-18,715,3
2021-03-19,717,4
2021-03-20,716,5
2021-03-21,716,6
2021-03-22,716,0
2021-03-23,717,1
2021-03-24,715,2
2021-03-25,717,3
2021-03-26,718,4
2021-03-27,718,5
2021-03-28,718,6
2021-03-29,718,0
2021-03-30,719,1
2021-03-31,722,2
2021-04-01,722,3
2021-04-02,722,4
2021-04-03,722,5
2021-04-04,722,6
2021-04-05,722,0
2021-04-06,723,1
2021-04-07,725,2
2021-04-08,726,3
2021-04-09,720,4
2021-04-10,720,5
2021-04-11,720,6
2021-04-12,721,0
2021-04-13,720,1
2021-04-14,718,2
2021-04-15,718,3
2021-04-16,718,4
2021-04-17,716,5
2021-04-18,717,6
2021-04-19,717,0
2021-04-20,719,1
2021-04-21,719,2
2021-04-22,719,3
2021-04-23,720,4
2021-04-24,717,5
2021-04-25,717,6
2021-04-26,716,0
2021-04-27,716,1
2021-04-28,716,2
2021-04-29,719,3
2021-04-30,717,4
2021-05-01,715,5
2021-05-02,714,6
2021-05-03,716,0
2021-05-04,717,1
2021-05-05,715,2
2021-05-06,717,3
2021-05-07,717,4
2021-05-08,718,5
2021-05-09,718,6
2021-05-10,719,0
2021-05-11,718,1
2021-05-12,717,2
2021-05-13,719,3
2021-05-14,719,4
2021-05-15,717,5
2021-05-16,717,6
2021-05-17,717,0
2021-05-18,719,1
2021-05-19,721,2
2021-05-20,723,3
2021-05-21,722,4
2021-05-22,719,5
2021-05-23,719,6
2021-05-24,719,0
2021-05-25,718,1
2021-05-26,718,2
2021-05-27,720,3
2021-05-28,719,4
2021-05-29,717,5
2021-05-30,717,6
2021-05-31,717,0
2021-06-01,719,1
2021-06-02,720,2
2021-06-03,722,3
2021-06-04,723,4
2021-06-05,720,5
2021-06-06,722,6
2021-06-07,721,0
2021-06-08,717,1
2021-06-09,715,2
2021-06-10,719,3
2021-06-11,720,4
2021-06-12,718,5
2021-06-13,718,6
2021-06-14,718,0
2021-06-15,719,1
2021-06-16,719,2
2021-06-17,721,3
2021-06-18,721,4
2021-06-19,718,5
2021-06-20,718,6
2021-06-21,716,0
2021-06-22,716,1
2021-06-23,714,2
2021-06-24,717,3
2021-06-25,720,4
2021-06-26,718,5
2021-06-27,718,6
2021-06-28,719,0
2021-06-29,720,1
2021-06-30,724,2
2021-07-01,729,3
2021-07-02,729,4
2021-07-03,725,5
2021-07-04,725,6
2021-07-05,725,0
2021-07-06,725,1
2021-07-07,725,2
2021-07-08,727,3
2021-07-09,726,4
2021-07-10,724,5
2021-07-11,724,6
2021-07-12,728,0
2021-07-13,729,1
2021-07-14,731,2
2021-07-15,732,3
2021-07-16,734,4
2021-07-17,732,5
2021-07-18,731,6
2021-07-19,732,0
2021-07-20,731,1
2021-07-21,733,2
2021-07-22,734,3
2021-07-23,729,4
2021-07-24,728,5
2021-07-25,728,6
2021-07-26,728,0
2021-07-27,730,1
2021-07-28,729,2
2021-07-29,733,3
2021-07-30,734,4
2021-07-31,733,5
2021-08-01,736,6
2021-08-02,721,0
2021-08-03,727,1
2021-08-04,726,2
2021-08-05,726,3
2021-08-06,727,4
2021-08-07,726,5
2021-08-08,726,6
2021-08-09,726,0
2021-08-10,726,1
2021-08-11,727,2
2021-08-12,727,3
2021-08-13,726,4
2021-08-14,726,5
2021-08-15,725,6
2021-08-16,725,0
2021-08-17,739,1
2021-08-18,742,2
2021-08-19,741,3
2021-08-20,745,4
2021-08-21,744,5
2021-08-22,744,6
2021-08-23,746,0
2021-08-24,746,1
2021-08-25,748,2
2021-08-26,749,3
2021-08-27,749,4
2021-08-28,749,5
2021-08-29,748,6
2021-08-30,753,0
2021-08-31,752,1
2021-09-01,753,2
2021-09-02,751,3
2021-09-03,751,4
2021-09-04,751,5
2021-09-05,753,6
2021-09-06,753,0
2021-09-07,754,1
2021-09-08,741,2
2021-09-09,742,3
2021-09-10,744,4
2021-09-11,741,5
2021-09-12,742,6
2021-09-13,742,0
2021-09-14,741,1
2021-09-15,745,2
2021-09-16,746,3
2021-09-17,745,4
2021-09-18,745,5
2021-09-19,746,6
2021-09-20,747,0
2021-09-21,745,1
2021-09-22,746,2
2021-09-23,746,3
2021-09-24,747,4
2021-09-25,745,5
2021-09-26,745,6
2021-09-27,755,0
2021-09-28,757,1
2021-09-29,757,2
2021-09-30,746,3
2021-10-01,755,4
2021-10-02,756,5
2021-10-03,756,6
2021-10-04,756,0
2021-10-05,758,1
2021-10-06,759,2
2021-10-07,758,3
2021-10-08,759,4
2021-10-09,760,5
2021-10-10,760,6
2021-10-11,760,0
2021-10-12,760,1
2021-10-13,760,2
2021-10-14,759,3
2021-10-15,762,4
2021-10-16,760,5
2021-10-17,761,6
2021-10-18,761,0
2021-10-19,762,1
2021-10-20,751,2
2021-10-21,760,3
2021-10-22,762,4
2021-10-23,763,5
2021-10-24,763,6
2021-10-25,762,0
2021-10-26,762,1
2021-10-27,748,2
2021-10-28,761,3
2021-10-29,763,4
2021-10-30,763,5
2021-10-31,764,6
2021-11-01,768,0
2021-11-02,769,1
2021-11-03,772,2
2021-11-04,772,3
2021-11-05,770,4
2021-11-06,771,5
2021-11-07,771,6
2021-11-08,773,0
2021-11-09,777,1
2021-11-10,779,2
2021-11-11,780,3
2021-11-12,781,4
2021-11-13,779,5
2021-11-14,778,6
2021-11-15,779,0
2021-11-16,781,1
2021-11-17,779,2
2021-11-18,781,3
2021-11-19,782,4
2021-11-20,781,5
2021-11-21,781,6
2021-11-22,783,0
2021-11-23,783,1
2021-11-24,782,2
2021-11-25,781,3
2021-11-26,783,4
2021-11-27,783,5
2021-11-28,783,6
2021-11-29,783,0
2021-11-30,783,1
2021-12-01,785,2
2021-12-02,788,3
2021-12-03,778,4
2021-12-04,776,5
2021-12-05,775,6
2021-12-06,776,0
2021-12-07,787,1
2021-12-08,786,2
2021-12-09,796,3
2021-12-10,792,4
2021-12-11,794,5
2021-12-12,793,6
2021-12-13,794,0
2021-12-14,794,1
2021-12-15,786,2
2021-12-16,802,3
2021-12-17,805,4
2021-12-18,805,5
2021-12-19,805,6
2021-12-20,805,0
2021-12-21,804,1
2021-12-22,806,2
2021-12-23,803,3
2021-12-24,803,4
2021-12-25,801,5
2021-12-26,801,6
2021-12-27,803,0
2021-12-28,803,1
2021-12-29,797,2
2021-12-30,809,3
2021-12-31,798,4
2022-01-01,797,5
2022-01-02,809,6
2022-01-03,810,0
2022-01-04,798,1
2022-01-05,801,2
2022-01-06,801,3
2022-01-07,812,4
2022-01-08,812,5
2022-01-09,812,6
2022-01-10,812,0
2022-01-11,813,1
2022-01-12,813,2
2022-01-13,815,3
2022-01-14,817,4
2022-01-15,815,5
2022-01-16,815,6
2022-01-17,815,0
2022-01-18,815,1
2022-01-19,815,2
2022-01-20,816,3
2022-01-21,817,4
2022-01-22,816,5
2022-01-23,816,6
2022-01-24,816,0
2022-01-25,817,1
2022-01-26,817,2
2022-01-27,819,3
2022-01-28,817,4
2022-01-29,817,5
2022-01-30,813,6
2022-01-31,817,0
2022-02-01,818,1
2022-02-02,817,2
2022-02-03,817,3
2022-02-04,819,4
2022-02-05,819,5
2022-02-06,819,6
2022-02-07,820,0
2022-02-08,822,1
2022-02-09,822,2
2022-02-10,822,3
2022-02-11,821,4
2022-02-12,820,5
2022-02-13,820,6
2022-02-14,818,0
2022-02-15,818,1
2022-02-16,819,2
2022-02-17,820,3
2022-02-18,820,4
2022-02-19,819,5
2022-02-20,820,6
2022-02-21,820,0
2022-02-22,824,1
2022-02-23,826,2
2022-02-24,825,3
2022-02-25,827,4
2022-02-26,822,5
2022-02-27,822,6
2022-02-28,824,0
2022-03-01,823,1
2022-03-02,823,2
2022-03-03,823,3
2022-03-04,821,4
2022-03-05,821,5
2022-03-06,821,6
2022-03-07,822,0
2022-03-08,824,1
2022-03-09,825,2
2022-03-10,822,3
2022-03-11,825,4
2022-03-12,824,5
2022-03-13,824,6
2022-03-14,827,0
2022-03-15,827,1
2022-03-16,827,2
2022-03-17,827,3
2022-03-18,827,4
2022-03-19,826,5
2022-03-20,826,6
2022-03-21,826,0
2022-03-22,826,1
2022-03-23,827,2
2022-03-24,826,3
2022-03-25,824,4
2022-03-26,825,5
2022-03-27,825,6
2022-03-28,825,0
2022-03-29,824,1
2022-03-30,822,2
2022-03-31,822,3
2022-04-01,822,4
2022-04-02,822,5
2022-04-03,822,6
2022-04-04,824,0
2022-04-05,826,1
2022-04-06,827,2
2022-04-07,829,3
2022-04-08,833,4
2022-04-09,833,5
2022-04-10,833,6
2022-04-11,834,0
2022-04-12,833,1
2022-04-13,834,2
2022-04-14,834,3
2022-04-15,834,4
2022-04-16,835,5
2022-04-17,835,6
2022-04-18,835,0
2022-04-19,834,1
2022-04-20,832,2
2022-04-21,834,3
2022-04-22,834,4
2022-04-23,833,5
2022-04-24,832,6
2022-04-25,833,0
2022-04-26,833,1
2022-04-27,835,2
2022-04-28,834,3
2022-04-29,834,4
2022-04-30,835,5
2022-05-01,835,6
2022-05-02,836,0
2022-05-03,838,1
2022-05-04,838,2
2022-05-05,839,3
2022-05-06,840,4
2022-05-07,837,5
2022-05-08,837,6
2022-05-09,841,0
2022-05-10,841,1
2022-05-11,840,2
2022-05-12,844,3
2022-05-13,845,4
2022-05-14,845,5
2022-05-15,845,6
2022-05-16,847,0
2022-05-17,848,1
2022-05-18,847,2
2022-05-19,846,3
2022-05-20,847,4
2022-05-21,843,5
2022-05-22,844,6
2022-05-23,846,0
2022-05-24,847,1
2022-05-25,847,2
2022-05-26,847,3
2022-05-27,849,4
2022-05-28,848,5
2022-05-29,848,6
2022-05-30,848,0
2022-05-31,850,1
2022-06-01,852,2
2022-06-02,852,3
2022-06-03,854,4
2022-06-04,853,5
2022-06-05,853,6
2022-06-06,853,0
2022-06-07,853,1
2022-06-08,854,2
2022-06-09,855,3
2022-06-10,854,4
2022-06-11,853,5
2022-06-12,853,6
2022-06-13,853,0
2022-06-14,853,1
2022-06-15,854,2
2022-06-16,858,3
2022-06-17,859,4
2022-06-18,859,5
2022-06-19,859,6
2022-06-20,859,0
2022-06-21,859,1
2022-06-22,858,2
2022-06-23,858,3
2022-06-24,858,4
2022-06-25,858,5
2022-06-26,858,6
2022-06-27,858,0
2022-06-28,859,1
2022-06-29,857,2
2022-06-30,859,3
2022-07-01,859,4
2022-07-02,858,5
2022-07-03,858,6
2022-07-04,858,0
2022-07-05,859,1
2022-07-06,861,2
2022-07-07,859,3
2022-07-08,859,4
2022-07-09,858,5
2022-07-10,858,6
2022-07-11,860,0
2022-07-12,861,1
2022-07-13,861,2
2022-07-14,858,3
2022-07-15,857,4
2022-07-16,857,5
2022-07-17,857,6
2022-07-18,860,0
2022-07-19,860,1
2022-07-20,857,2
2022-07-21,857,3
2022-07-22,858,4
2022-07-23,857,5
2022-07-24,857,6
2022-07-25,859,0
2022-07-26,859,1
2022-07-27,858,2
2022-07-28,856,3
2022-07-29,856,4
2022-07-30,855,5
2022-07-31,856,6
2022-08-01,857,0
2022-08-02,858,1
2022-08-03,859,2
2022-08-04,860,3
2022-08-05,860,4
2022-08-06,857,5
2022-08-07,857,6
2022-08-08,858,0
2022-08-09,861,1
2022-08-10,862,2
2022-08-11,862,3
2022-08-12,863,4
2022-08-13,863,5
2022-08-14,863,6
2022-08-15,863,0
2022-08-16,865,1
2022-08-17,866,2
2022-08-18,866,3
2022-08-19,861,4
2022-08-20,860,5
2022-08-21,860,6
2022-08-22,859,0
2022-08-23,861,1
2022-08-24,863,2
2022-08-25,863,3
2022-08-26,861,4
2022-08-27,861,5
2022-08-28,861,6
2022-08-29,862,0
2022-08-30,862,1
2022-08-31,862,2
2022-09-01,859,3
2022-09-02,859,4
2022-09-03,859,5
2022-09-04,860,6
2022-09-05,862,0
2022-09-06,861,1
2022-09-07,859,2
2022-09-08,859,3
2022-09-09,862,4
2022-09-10,863,5
2022-09-11,863,6
2022-09-12,864,0
2022-09-13,858,1
2022-09-14,859,2
2022-09-15,860,3
2022-09-16,861,4
2022-09-17,861,5
2022-09-18,860,6
2022-09-19,860,0
2022-09-20,859,1
2022-09-21,858,2
2022-09-22,850,3
2022-09-23,845,4
2022-09-24,845,5
2022-09-25,845,6
2022-09-26,847,0
2022-09-27,848,1
2022-09-28,846,2
2022-09-29,846,3
2022-09-30,847,4
2022-10-01,830,5
2022-10-02,830,6
2022-10-03,830,0
2022-10-04,831,1
2022-10-05,831,2
2022-10-06,830,3
2022-10-07,832,4
2022-10-08,831,5
2022-10-09,831,6
2022-10-10,831,0
2022-10-11,830,1
2022-10-12,830,2
2022-10-13,828,3
2022-10-14,828,4
2022-10-15,828,5
2022-10-16,828,6
2022-10-17,828,0
2022-10-18,829,1
2022-10-19,832,2
2022-10-20,833,3
2022-10-21,834,4
2022-10-22,834,5
2022-10-23,834,6
2022-10-24,835,0
2022-10-25,836,1
2022-10-26,835,2
2022-10-27,834,3
2022-10-28,834,4
2022-10-29,833,5
2022-10-30,833,6
2022-10-31,832,0
2022-11-01,832,1
2022-11-02,833,2
2022-11-03,833,3
2022-11-04,837,4
2022-11-05,836,5
2022-11-06,836,6
2022-11-07,836,0
2022-11-08,837,1
2022-11-09,838,2
2022-11-10,837,3
2022-11-11,837,4
2022-11-12,836,5
2022-11-13,836,6
2022-11-14,836,0
2022-11-15,839,1
2022-11-16,840,2
2022-11-17,840,3
2022-11-18,841,4
2022-11-19,839,5
2022-11-20,840,6
2022-11-21,840,0
2022-11-22,844,1
2022-11-23,845,2
2022-11-24,846,3
2022-11-25,846,4
2022-11-26,845,5
2022-11-27,845,6
2022-11-28,846,0
2022-11-29,848,1
2022-11-30,851,2
2022-12-01,849,3
2022-12-02,851,4
2022-12-03,851,5
2022-12-04,851,6
2022-12-05,853,0
2022-12-06,851,1
2022-12-07,850,2
2022-12-08,849,3
2022-12-09,849,4
2022-12-10,849,5
2022-12-11,849,6
2022-12-12,850,0
2022-12-13,851,1
2022-12-14,850,2
2022-12-15,853,3
2022-12-16,852,4
2022-12-17,852,5
2022-12-18,852,6
2022-12-19,853,0
2022-12-20,851,1
2022-12-21,850,2
2022-12-22,851,3
2022-12-23,850,4
2022-12-24,850,5
2022-12-25,850,6
2022-12-26,850,0
2022-12-27,850,1
2022-12-28,853,2
2022-12-29,854,3
2022-12-30,854,4
2022-12-31,856,5
2023-01-01,856,6
2023-01-02,857,0
2023-01-03,857,1
2023-01-04,857,2
2023-01-05,858,3
2023-01-06,858,4
2023-01-07,858,5
2023-01-08,858,6
2023-01-09,858,0
2023-01-10,859,1
2023-01-11,859,2
2023-01-12,858,3
2023-01-13,858,4
2023-01-14,858,5
2023-01-15,858,6
2023-01-16,858,0
2023-01-17,858,1
2023-01-18,857,2
2023-01-19,857,3
2023-01-20,857,4
2023-01-21,856,5
2023-01-22,856,6
2023-01-23,857,0
2023-01-24,857,1
2023-01-25,857,2
2023-01-26,857,3
2023-01-27,857,4
2023-01-28,857,5
2023-01-29,857,6
2023-01-30,857,0
2023-01-31,859,1
2023-02-01,861,2
2023-02-02,862,3
2023-02-03,864,4
2023-02-04,864,5
2023-02-05,864,6
2023-02-06,865,0
2023-02-07,865,1
2023-02-08,864,2
2023-02-09,865,3
2023-02-10,865,4
2023-02-11,863,5
2023-02-12,864,6
2023-02-13,865,0
2023-02-14,863,1
2023-02-15,862,2
2023-02-16,862,3
2023-02-17,862,4
2023-02-18,862,5
2023-02-19,862,6
2023-02-20,864,0
2023-02-21,864,1
2023-02-22,865,2
2023-02-23,866,3
2023-02-24,865,4
2023-02-25,865,5
2023-02-26,865,6
2023-02-27,865,0
2023-02-28,867,1
2023-03-01,869,2
2023-03-02,868,3
2023-03-03,869,4
2023-03-04,870,5
2023-03-05,870,6
2023-03-06,872,0
2023-03-07,871,1
2023-03-08,871,2
2023-03-09,867,3
2023-03-10,869,4
2023-03-11,870,5
2023-03-12,871,6
2023-03-13,875,0
2023-03-14,875,1
2023-03-15,878,2
2023-03-16,879,3
2023-03-17,881,4
2023-03-18,880,5
2023-03-19,880,6
2023-03-20,881,0
2023-03-21,884,1
2023-03-22,883,2
2023-03-23,883,3
2023-03-24,883,4
2023-03-25,883,5
2023-03-26,882,6
2023-03-27,883,0
2023-03-28,883,1
2023-03-29,882,2
2023-03-30,885,3
2023-03-31,887,4
2023-04-01,886,5
2023-04-02,887,6
2023-04-03,887,0
2023-04-04,887,1
2023-04-05,887,2
2023-04-06,887,3
2023-04-07,887,4
2023-04-08,887,5
2023-04-09,887,6
2023-04-10,889,0
2023-04-11,888,1
2023-04-12,889,2
2023-04-13,889,3
2023-04-14,888,4
2023-04-15,888,5
2023-04-16,888,6
2023-04-17,890,0
2023-04-18,889,1
2023-04-19,891,2
2023-04-20,891,3
2023-04-21,891,4
2023-04-22,891,5
2023-04-23,891,6
2023-04-24,891,0
2023-04-25,891,1
2023-04-26,892,2
2023-04-27,891,3
2023-04-28,891,4
2023-04-29,891,5
2023-04-30,891,6
2023-05-01,890,0
2023-05-02,890,1
2023-05-03,889,2
2023-05-04,888,3
2023-05-05,887,4
2023-05-06,887,5
2023-05-07,887,6
2023-05-08,888,0
2023-05-09,888,1
2023-05-10,888,2
2023-05-11,888,3
2023-05-12,889,4
2023-05-13,888,5
2023-05-14,888,6
2023-05-15,888,0
2023-05-16,888,1
2023-05-17,885,2
2023-05-18,885,3
2023-05-19,886,4
2023-05-20,886,5
2023-05-21,886,6
2023-05-22,886,0
2023-05-23,887,1
2023-05-24,887,2
2023-05-25,893,3
2023-05-26,892,4
2023-05-27,892,5
2023-05-28,892,6
2023-05-29,893,0
2023-05-30,893,1
2023-05-31,893,2
2023-06-01,893,3
2023-06-02,894,4
2023-06-03,894,5
2023-06-04,894,6
2023-06-05,894,0
2023-06-06,894,1
2023-06-07,894,2
2023-06-08,893,3
2023-06-09,893,4
2023-06-10,892,5
2023-06-11,892,6
2023-06-12,892,0
2023-06-13,892,1
2023-06-14,892,2
2023-06-15,892,3
2023-06-16,890,4
2023-06-17,890,5
2023-06-18,890,6
2023-06-19,890,0
2023-06-20,893,1
2023-06-21,893,2
2023-06-22,894,3
2023-06-23,894,4
2023-06-24,893,5
2023-06-25,893,6
2023-06-26,893,0
2023-06-27,895,1
2023-06-28,893,2
2023-06-29,892,3
2023-06-30,891,4
2023-07-01,888,5
2023-07-02,888,6
2023-07-03,888,0
2023-07-04,889,1
2023-07-05,889,2
2023-07-06,887,3
2023-07-07,889,4
2023-07-08,885,5
2023-07-09,885,6
2023-07-10,885,0
2023-07-11,888,1
2023-07-12,890,2
2023-07-13,890,3
2023-07-14,889,4
2023-07-15,889,5
2023-07-16,889,6
2023-07-17,893,0
2023-07-18,894,1
2023-07-19,894,2
2023-07-20,894,3
2023-07-21,895,4
2023-07-22,893,5
2023-07-23,893,6
2023-07-24,893,0
2023-07-25,892,1
2023-07-26,894,2
2023-07-27,896,3
2023-07-28,896,4
2023-07-29,894,5
2023-07-30,894,6
2023-07-31,894,0
2023-08-01,892,1
2023-08-02,892,2
2023-08-03,893,3
2023-08-04,893,4
2023-08-05,890,5
2023-08-06,890,6
2023-08-07,890,0
2023-08-08,891,1
2023-08-09,892,2
2023-08-10,891,3
2023-08-11,891,4
2023-08-12,891,5
2023-08-13,891,6
2023-08-14,892,0
2023-08-15,894,1
2023-08-16,894,2
2023-08-17,894,3
2023-08-18,896,4
2023-08-19,896,5
2023-08-20,896,6
2023-08-21,896,0
2023-08-22,897,1
2023-08-23,897,2
2023-08-24,897,3
2023-08-25,897,4
2023-08-26,896,5
2023-08-27,895,6
2023-08-28,895,0
2023-08-29,896,1
2023-08-30,900,2
2023-08-31,901,3
2023-09-01,903,4
2023-09-02,903,5
2023-09-03,903,6
2023-09-04,923,0
2023-09-05,923,1
2023-09-06,923,2
2023-09-07,923,3
2023-09-08,923,4
2023-09-09,922,5
2023-09-10,922,6
2023-09-11,925,0
2023-09-12,924,1
2023-09-13,924,2
2023-09-14,923,3
2023-09-15,922,4
2023-09-16,931,5
2023-09-17,927,6
2023-09-18,928,0
2023-09-19,931,1
2023-09-20,931,2
2023-09-21,930,3
2023-09-22,930,4
2023-09-23,930,5
2023-09-24,930,6
2023-09-25,930,0
2023-09-26,929,1
2023-09-27,929,2
2023-09-28,929,3
2023-09-29,929,4
2023-09-30,930,5
2023-10-01,930,6
2023-10-02,930,0
2023-10-03,930,1
2023-10-04,930,2
2023-10-05,930,3
2023-10-06,932,4
2023-10-07,932,5
2023-10-08,932,6
2023-10-09,932,0
2023-10-10,934,1
2023-10-11,936,2
2023-10-12,936,3
2023-10-13,935,4
2023-10-14,933,5
2023-10-15,933,6
2023-10-16,933,0
2023-10-17,933,1
2023-10-18,937,2
2023-10-19,937,3
2023-10-20,938,4
2023-10-21,938,5
2023-10-22,938,6
2023-10-23,939,0
2023-10-24,939,1
2023-10-25,939,2
2023-10-26,938,3
2023-10-27,937,4
2023-10-28,936,5
2023-10-29,936,6
2023-10-30,938,0
2023-10-31,938,1
2023-11-01,938,2
2023-11-02,938,3
2023-11-03,939,4
2023-11-04,938,5
2023-11-05,938,6
2023-11-06,938,0
2023-11-07,938,1
2023-11-08,939,2
2023-11-09,940,3
2023-11-10,940,4
2023-11-11,940,5
2023-11-12,940,6
2023-11-13,940,0
2023-11-14,940,1
2023-11-15,942,2
2023-11-16,939,3
2023-11-17,942,4
2023-11-18,941,5
2023-11-19,941,6
2023-11-20,943,0
2023-11-21,943,1
2023-11-22,945,2
2023-11-23,946,3
2023-11-24,944,4
2023-11-25,944,5
2023-11-26,944,6
2023-11-27,944,0
2023-11-28,944,1
2023-11-29,943,2
2023-11-30,944,3
2023-12-01,943,4
2023-12-02,943,5
2023-12-03,943,6
2023-12-04,943,0
2023-12-05,942,1
2023-12-06,942,2
2023-12-07,943,3
2023-12-08,942,4
2023-12-09,942,5
2023-12-10,942,6
2023-12-11,943,0
2023-12-12,943,1
2023-12-13,942,2
2023-12-14,942,3
2023-12-15,941,4
2023-12-16,940,5
2023-12-17,940,6
2023-12-18,941,0
2023-12-19,940,1
2023-12-20,941,2
2023-12-21,942,3
2023-12-22,941,4
2023-12-23,941,5
2023-12-24,941,6
2023-12-25,941,0
2023-12-26,943,1
2023-12-27,941,2
2023-12-28,942,3
2023-12-29,941,4
2023-12-30,941,5
2023-12-31,940,6
2024-01-01,938,0
2024-01-02,938,1
2024-01-03,938,2
2024-01-04,940,3
2024-01-05,940,4
2024-01-06,940,5
2024-01-07,940,6
2024-01-08,940,0
2024-01-09,940,1
2024-01-10,941,2
2024-01-11,940,3
2024-01-12,941,4
2024-01-13,940,5
2024-01-14,940,6
2024-01-15,940,0
2024-01-16,940,1
2024-01-17,940,2
2024-01-18,939,3
2024-01-19,940,4
2024-01-20,939,5
2024-01-21,939,6
2024-01-22,940,0
2024-01-23,939,1
2024-01-24,939,2
2024-01-25,939,3
2024-01-26,939,4
2024-01-27,939,5
2024-01-28,939,6
2024-01-29,940,0
2024-01-30,941,1
2024-01-31,939,2
2024-02-01,939,3
2024-02-02,942,4
2024-02-03,941,5
2024-02-04,941,6
2024-02-05,942,0
2024-02-06,941,1
2024-02-07,940,2
2024-02-08,939,3
2024-02-09,938,4
2024-02-10,938,5
2024-02-11,938,6
2024-02-12,939,0
2024-02-13,940,1
2024-02-14,941,2
2024-02-15,941,3
2024-02-16,941,4
2024-02-17,941,5
2024-02-18,941,6
2024-02-19,941,0
2024-02-20,941,1
2024-02-21,941,2
2024-02-22,940,3
2024-02-23,940,4
2024-02-24,939,5
2024-02-25,939,6
2024-02-26,940,0
2024-02-27,940,1
2024-02-28,940,2
2024-02-29,941,3
2024-03-01,943,4
2024-03-02,943,5
2024-03-03,943,6
2024-03-04,943,0
2024-03-05,943,1
2024-03-06,941,2
2024-03-07,941,3
2024-03-08,942,4
2024-03-09,941,5
2024-03-10,941,6
2024-03-11,943,0
2024-03-12,940,1
2024-03-13,939,2
2024-03-14,937,3
2024-03-15,939,4
2024-03-16,938,5
2024-03-17,938,6
2024-03-18,939,0
2024-03-19,937,1
2024-03-20,937,2
2024-03-21,936,3
2024-03-22,939,4
2024-03-23,939,5
2024-03-24,939,6
2024-03-25,939,0
2024-03-26,939,1
2024-03-27,939,2
2024-03-28,938,3
2024-03-29,938,4
2024-03-30,938,5
2024-03-31,938,6
2024-04-01,939,0
2024-04-02,940,1
2024-04-03,940,2
2024-04-04,941,3
2024-04-05,942,4
2024-04-06,941,5
2024-04-07,940,6
2024-04-08,940,0
2024-04-09,944,1
2024-04-10,945,2
2024-04-11,947,3
2024-04-12,947,4
2024-04-13,946,5
2024-04-14,946,6
2024-04-15,946,0
2024-04-16,945,1
2024-04-17,943,2
2024-04-18,943,3
2024-04-19,943,4
2024-04-20,943,5
2024-04-21,943,6
2024-04-22,943,0
2024-04-23,944,1
2024-04-24,944,2
2024-04-25,943,3
2024-04-26,944,4
2024-04-27,944,5
2024-04-28,944,6
2024-04-29,945,0
2024-04-30,946,1
2024-05-01,945,2
2024-05-02,945,3
2024-05-03,946,4
2024-05-04,946,5
2024-05-05,946,6
2024-05-06,946,0
2024-05-07,946,1
2024-05-08,946,2
2024-05-09,946,3
2024-05-10,946,4
2024-05-11,946,5
2024-05-12,946,6
2024-05-13,946,0
2024-05-14,946,1
2024-05-15,945,2
2024-05-16,945,3
2024-05-17,944,4
2024-05-18,941,5
2024-05-19,941,6
2024-05-20,942,0
2024-05-21,943,1
2024-05-22,943,2
2024-05-23,941,3
2024-05-24,940,4
2024-05-25,940,5
2024-05-26,940,6
2024-05-27,942,0
2024-05-28,943,1
2024-05-29,942,2
2024-05-30,942,3
2024-05-31,940,4
2024-06-01,944,5
2024-06-02,944,6
2024-06-03,944,0
2024-06-04,944,1
2024-06-05,946,2
2024-06-06,946,3
2024-06-07,946,4
2024-06-08,946,5
2024-06-09,946,6
2024-06-10,946,0
2024-06-11,946,1
2024-06-12,939,2
2024-06-13,940,3
2024-06-14,943,4
2024-06-15,943,5
2024-06-16,943,6
2024-06-17,943,0
2024-06-18,941,1
2024-06-19,941,2
2024-06-20,941,3
2024-06-21,941,4
2024-06-22,940,5
2024-06-23,940,6
2024-06-24,940,0
2024-06-25,941,1
2024-06-26,941,2
2024-06-27,937,3
2024-06-28,927,4
2024-06-29,927,5
2024-06-30,929,6
2024-07-01,929,0
2024-07-02,930,1
2024-07-03,930,2
2024-07-04,929,3
2024-07-05,929,4
2024-07-06,929,5
2024-07-07,929,6
2024-07-08,930,0
2024-07-09,930,1
2024-07-10,930,2
2024-07-11,930,3
2024-07-12,930,4
2024-07-13,930,5
2024-07-14,930,6
2024-07-15,932,0
2024-07-16,933,1
2024-07-17,933,2
2024-07-18,932,3
2024-07-19,932,4
2024-07-20,932,5
2024-07-21,932,6
2024-07-22,932,0
2024-07-23,933,1
2024-07-24,933,2
2024-07-25,935,3
2024-07-26,935,4
2024-07-27,935,5
2024-07-28,935,6
2024-07-29,935,0
2024-07-30,935,1
2024-07-31,935,2
2024-08-01,931,3
2024-08-02,931,4
2024-08-03,931,5
2024-08-04,931,6
2024-08-05,931,0
2024-08-06,931,1
2024-08-07,929,2
2024-08-08,929,3
2024-08-09,929,4
2024-08-10,931,5
2024-08-11,931,6
2024-08-12,932,0
2024-08-13,931,1
2024-08-14,931,2
2024-08-15,932,3
2024-08-16,930,4
2024-08-17,930,5
2024-08-18,930,6
2024-08-19,930,0
2024-08-20,937,1
2024-08-21,934,2
2024-08-22,928,3
2024-08-23,928,4
2024-08-24,928,5
2024-08-25,928,6
2024-08-26,928,0
2024-08-27,928,1
2024-08-28,929,2
2024-08-29,928,3
2024-08-30,929,4
2024-08-31,931,5
2024-09-01,929,6
2024-09-02,929,0
2024-09-03,930,1
2024-09-04,930,2
2024-09-05,930,3
2024-09-06,932,4
2024-09-07,932,5
2024-09-08,932,6
2024-09-09,932,0
2024-09-10,934,1
2024-09-11,934,2
2024-09-12,933,3
2024-09-13,934,4
2024-09-14,934,5
2024-09-15,934,6
2024-09-16,934,0
2024-09-17,934,1
2024-09-18,933,2
2024-09-19,933,3
2024-09-20,937,4
2024-09-21,937,5
2024-09-22,937,6
2024-09-23,937,0
2024-09-24,937,1
2024-09-25,936,2
2024-09-26,939,3
2024-09-27,938,4
2024-09-28,938,5
2024-09-29,938,6
2024-09-30,938,0
2024-10-01,937,1
2024-10-02,938,2
2024-10-03,939,3
2024-10-04,939,4
2024-10-05,939,5
2024-10-06,939,6
2024-10-07,939,0
2024-10-08,939,1
2024-10-09,938,2
2024-10-10,939,3
2024-10-11,938,4
2024-10-12,938,5
2024-10-13,938,6
2024-10-14,938,0
2024-10-15,939,1
2024-10-16,939,2
2024-10-17,939,3
2024-10-18,940,4
2024-10-19,940,5
2024-10-20,940,6
2024-10-21,941,0
2024-10-22,940,1
2024-10-23,938,2
2024-10-24,936,3
2024-10-25,938,4
2024-10-26,938,5
2024-10-27,938,6
2024-10-28,939,0
2024-10-29,941,1
2024-10-30,941,2
2024-10-31,939,3
2024-11-01,946,4
2024-11-02,946,5
2024-11-03,946,6
2024-11-04,948,0
2024-11-05,949,1
2024-11-06,951,2
2024-11-07,952,3
2024-11-08,952,4
2024-11-09,952,5
2024-11-10,952,6
2024-11-11,952,0
2024-11-12,952,1
2024-11-13,952,2
2024-11-14,952,3
2024-11-15,952,4
2024-11-16,952,5
2024-11-17,952,6
2024-11-18,952,0
2024-11-19,951,1
2024-11-20,951,2
2024-11-21,955,3
2024-11-22,956,4
2024-11-23,956,5
2024-11-24,956,6
2024-11-25,957,0
2024-11-26,956,1
2024-11-27,957,2
2024-11-28,959,3
2024-11-29,960,4
2024-11-30,958,5
2024-12-01,957,6
2024-12-02,957,0
2024-12-03,957,1
2024-12-04,957,2
2024-12-05,956,3
2024-12-06,957,4
2024-12-07,956,5
2024-12-08,956,6
2024-12-09,959,0
2024-12-10,960,1
2024-12-11,961,2
2024-12-12,964,3
2024-12-13,962,4
2024-12-14,961,5
2024-12-15,961,6
2024-12-16,963,0
2024-12-17,963,1
2024-12-18,964,2
2024-12-19,969,3
2024-12-20,970,4
2024-12-21,968,5
2024-12-22,968,6
2024-12-23,969,0
2024-12-24,969,1
2024-12-25,969,2
2024-12-26,970,3
2024-12-27,969,4
2024-12-28,967,5
2024-12-29,967,6
2024-12-30,967,0
2024-12-31,968,1
2025-01-01,967,2
2025-01-02,967,3
2025-01-03,967,4
2025-01-04,967,5
2025-01-05,967,6
2025-01-06,967,0
2025-01-07,967,1
2025-01-08,968,2
2025-01-09,968,3
2025-01-10,969,4
2025-01-11,969,5
2025-01-12,969,6
2025-01-13,969,0
2025-01-14,969,1
2025-01-15,971,2
2025-01-16,972,3
2025-01-17,972,4
2025-01-18,972,5
2025-01-19,972,6
2025-01-20,972,0
2025-01-21,971,1
2025-01-22,971,2
2025-01-23,971,3
2025-01-24,970,4
2025-01-25,972,5
2025-01-26,972,6
2025-01-27,972,0
2025-01-28,973,1
2025-01-29,974,2
2025-01-30,975,3
2025-01-31,974,4
2025-02-01,973,5
2025-02-02,973,6
2025-02-03,969,0
2025-02-04,972,1
2025-02-05,972,2
2025-02-06,972,3
2025-02-07,972,4
2025-02-08,972,5
2025-02-09,972,6
2025-02-10,972,0
2025-02-11,971,1
2025-02-12,971,2
2025-02-13,970,3
2025-02-14,970,4
2025-02-15,970,5
2025-02-16,970,6
2025-02-17,970,0
2025-02-18,968,1
2025-02-19,968,2
2025-02-20,970,3
2025-02-21,970,4
2025-02-22,968,5
2025-02-23,968,6
2025-02-24,968,0
2025-02-25,968,1
2025-02-26,976,2
2025-02-27,975,3
2025-02-28,976,4
2025-03-01,974,5
2025-03-02,974,6
2025-03-03,974,0
2025-03-04,973,1
2025-03-05,972,2
2025-03-06,974,3
2025-03-07,975,4
2025-03-08,976,5
2025-03-09,975,6
2025-03-10,975,0
2025-03-11,975,1
2025-03-12,976,2
2025-03-13,975,3
2025-03-14,976,4
2025-03-15,976,5
2025-03-16,976,6
2025-03-17,976,0
2025-03-18,978,1
2025-03-19,978,2
2025-03-20,978,3
2025-03-21,977,4
2025-03-22,976,5
2025-03-23,976,6
2025-03-24,976,0
2025-03-25,976,1
2025-03-26,975,2
2025-03-27,976,3
2025-03-28,979,4
2025-03-29,979,5
2025-03-30,979,6
2025-03-31,980,0
2025-04-01,980,1
2025-04-02,983,2
2025-04-03,984,3
2025-04-04,984,4
2025-04-05,984,5
2025-04-06,984,6
2025-04-07,986,0
2025-04-08,987,1
2025-04-09,987,2
2025-04-10,991,3
2025-04-11,990,4
2025-04-12,990,5
2025-04-13,990,6
2025-04-14,990,0
2025-04-15,990,1
2025-04-16,989,2
2025-04-17,989,3
2025-04-18,989,4
2025-04-19,989,5
2025-04-20,989,6
2025-04-21,990,0
2025-04-22,989,1
2025-04-23,990,2
2025-04-24,990,3
2025-04-25,992,4
2025-04-26,991,5
2025-04-27,991,6
2025-04-28,992,0
2025-04-29,992,1
2025-04-30,991,2
2025-05-01,990,3
2025-05-02,993,4
2025-05-03,993,5
2025-05-04,993,6
2025-05-05,994,0
2025-05-06,995,1
2025-05-07,996,2
2025-05-08,995,3
2025-05-09,996,4
2025-05-10,995,5
2025-05-11,995,6
2025-05-12,997,0
2025-05-13,997,1
2025-05-14,995,2
2025-05-15,994,3
2025-05-16,994,4
2025-05-17,994,5
2025-05-18,994,6
2025-05-19,995,0
2025-05-20,996,1
2025-05-21,994,2
2025-05-22,993,3
2025-05-23,993,4
2025-05-24,993,5
2025-05-25,993,6
2025-05-26,994,0
2025-05-27,996,1
2025-05-28,996,2
2025-05-29,996,3
2025-05-30,997,4
2025-05-31,997,5
2025-06-01,986,6
2025-06-02,986,0
2025-06-03,986,1
2025-06-04,987,2
2025-06-05,990,3
2025-06-06,991,4
2025-06-07,990,5
2025-06-08,990,6
2025-06-09,991,0
2025-06-10,991,1
2025-06-11,992,2
2025-06-12,994,3
2025-06-13,993,4
2025-06-14,992,5
2025-06-15,992,6
2025-06-16,992,0
2025-06-17,994,1
2025-06-18,994,2
2025-06-19,995,3
2025-06-20,996,4
2025-06-21,995,5
2025-06-22,993,6
2025-06-23,993,0
2025-06-24,993,1
2025-06-25,997,2
2025-06-26,995,3
2025-06-27,1000,4
2025-06-28,996,5
2025-06-29,996,6
2025-06-30,997,0
2025-07-01,997,1
2025-07-02,998,2
2025-07-03,998,3
2025-07-04,999,4
2025-07-05,999,5
2025-07-06,999,6
2025-07-07,999,0
2025-07-08,999,1
2025-07-09,1000,2
2025-07-10,1002,3
2025-07-11,1000,4
2025-07-12,1000,5
2025-07-13,1000,6
2025-07-14,1000,0
2025-07-15,999,1
2025-07-16,999,2
2025-07-17,999,3
2025-07-18,998,4
2025-07-19,998,5
2025-07-20,998,6
2025-07-21,1000,0
2025-07-22,1000,1
2025-07-23,1002,2
2025-07-24,1002,3
2025-07-25,1001,4
2025-07-26,1001,5
2025-07-27,1001,6
2025-07-28,1001,0
2025-07-29,1004,1
2025-07-30,1004,2
2025-07-31,1005,3
2025-08-01,1004,4
2025-08-02,1003,5
2025-08-03,1003,6
2025-08-04,1005,0
2025-08-05,1006,1
2025-08-06,1005,2
2025-08-07,1005,3
2025-08-08,1005,4
2025-08-09,1004,5
2025-08-10,1004,6
2025-08-11,1005,0
2025-08-12,1006,1
2025-08-13,1006,2
2025-08-14,1008,3
2025-08-15,1008,4
2025-08-16,1008,5
2025-08-17,1008,6
2025-08-18,1008,0
2025-08-19,1008,1
2025-08-20,1010,2
2025-08-21,1010,3
2025-08-22,1010,4
2025-08-23,1010,5
2025-08-24,1010,6
2025-08-25,1010,0
2025-08-26,1010,1
2025-08-27,1011,2
2025-08-28,1011,3
2025-08-29,1014,4
2025-08-30,1012,5
2025-08-31,1013,6
2025-09-01,1013,0
2025-09-02,1015,1
2025-09-03,1015,2
2025-09-04,1018,3
2025-09-05,1019,4
2025-09-06,1017,5
2025-09-07,1017,6
2025-09-08,1022,0
2025-09-09,1021,1
2025-09-10,1021,2
2025-09-11,1021,3
2025-09-12,1022,4
2025-09-13,1024,5
2025-09-14,1022,6
2025-09-15,1022,0
2025-09-16,1024,1
2025-09-17,1024,2
2025-09-18,1024,3
2025-09-19,1024,4
2025-09-20,1023,5
2025-09-21,1022,6
2025-09-22,1022,0
2025-09-23,1022,1
2025-09-24,1023,2
2025-09-25,1022,3
2025-09-26,1020,4
2025-09-27,1020,5
2025-09-28,1020,6
2025-09-29,1020,0
2025-09-30,1022,1
2025-10-01,1020,2
2025-10-02,1021,3
2025-10-03,1021,4
2025-10-04,1021,5
2025-10-05,1021,6
2025-10-06,1022,0
2025-10-07,1046,1
2025-10-08,1046,2
2025-10-09,1046,3
2025-10-10,1046,4
2025-10-11,1046,5
2025-10-12,1046,6
2025-10-13,1046,0
2025-10-14,1051,1
2025-10-15,1050,2
2025-10-16,1051,3
2025-10-17,1051,4
2025-10-18,1050,5
2025-10-19,1050,6
2025-10-20,1052,0
2025-10-21,1052,1
2025-10-22,1052,2
2025-10-23,1053,3
2025-10-24,1053,4
2025-10-25,1053,5
2025-10-26,1053,6
2025-10-27,1053,0
2025-10-28,1053,1
2025-10-29,1055,2
2025-10-30,1055,3
2025-10-31,1058,4
2025-11-01,1058,5
2025-11-02,1058,6
2025-11-03,1058,0
2025-11-04,1058,1
2025-11-05,1058,2
2025-11-06,1057,3
2025-11-07,1057,4
2025-11-08,1057,5
2025-11-09,1057,6
2025-11-10,1059,0
2025-11-11,1060,1
2025-11-12,1060,2
2025-11-13,1060,3
2025-11-14,1061,4
2025-11-15,1061,5
2025-11-16,1061,6
2025-11-17,1061,0
2025-11-18,1061,1
2025-11-19,1061,2
2025-11-20,1063,3
2025-11-21,1065,4
2025-11-22,1066,5
2025-11-23,1066,6
2025-11-24,1066,0
2025-11-25,1066,1
2025-11-26,1065,2
2025-11-27,1067,3
2025-11-28,1068,4
2025-11-29,1066,5
2025-11-30,1066,6
2025-12-01,1065,0
2025-12-02,1064,1
2025-12-03,1064,2
2025-12-04,1063,3
2025-12-05,1065,4
2025-12-06,1065,5
2025-12-07,1065,6
2025-12-08,1065,0
2025-12-09,1066,1
2025-12-10,1067,2
2025-12-11,1067,3
2025-12-12,1068,4
2025-12-13,1067,5
2025-12-14,1067,6
2025-12-15,1068,0
2025-12-16,1068,1
2025-12-17,1068,2
2025-12-18,1067,3
2025-12-19,1068,4
2025-12-20,1068,5
2025-12-21,1068,6
2025-12-22,1069,0
2025-12-23,1067,1
2025-12-24,1072,2
2025-12-25,1071,3
2025-12-26,1072,4
2025-12-27,1071,5
2025-12-28,1071,6
2025-12-29,1073,0
2025-12-30,1071,1
2025-12-31,1065,2
2026-01-01,1065,3
2026-01-02,1064,4
2026-01-03,1064,5
2026-01-04,1064,6
2026-01-05,1064,0
2026-01-06,1063,1
2026-01-07,1063,2
2026-01-08,1062,3
2026-01-09,1062,4
2026-01-10,1062,5
2026-01-11,1062,6
2026-01-12,1062,0
2026-01-13,1063,1
2026-01-14,1061,2
2026-01-15,1061,3
2026-01-16,1059,4
2026-01-17,1059,5
2026-01-18,1059,6
2026-01-19,1059,0
2026-01-20,1060,1
2026-01-21,1063,2
2026-01-22,1063,3
2026-01-23,1064,4
2026-01-24,1063,5
2026-01-25,1063,6
2026-01-26,1063,0
2026-01-27,1065,1
2026-01-28,1067,2
2026-01-29,1067,3
2026-01-30,1070,4
2026-01-31,1068,5
2026-02-01,1067,6
2026-02-02,1070,0
2026-02-03,1070,1
2026-02-04,1069,2
2026-02-05,1069,3
2026-02-06,1070,4
2026-02-07,1070,5
2026-02-08,1070,6
2026-02-09,1072,0
2026-02-10,1072,1
2026-02-11,1073,2
2026-02-12,1070,3
2026-02-13,1070,4
2026-02-14,1069,5
2026-02-15,1069,6
2026-02-16,1071,0
2026-02-17,1070,1
2026-02-18,1071,2
2026-02-19,1070,3
2026-02-20,1070,4
2026-02-21,1070,5
2026-02-22,1070,6
2026-02-23,1070,0
2026-02-24,1072,1
2026-02-25,1070,2
2026-02-26,1070,3
2026-02-27,1071,4
2026-02-28,1072,5
2026-03-01,1072,6
2026-03-02,1072,0
2026-03-03,1072,1
2026-03-04,1073,2
2026-03-05,1072,3
2026-03-06,1071,4
2026-03-07,1059,5
2026-03-08,1058,6
2026-03-09,1059,0
2026-03-10,1062,1
2026-03-11,1063,2
2026-03-12,1062,3
2026-03-13,1063,4
2026-03-14,1063,5
2026-03-15,1063,6
2026-03-16,1063,0
2026-03-17,1062,1
2026-03-18,1063,2
2026-03-19,1065,3
2026-03-20,1064,4
2026-03-21,1064,5
2026-03-22,1064,6
2026-03-23,1064,0
2026-03-24,1066,1
2026-03-25,1066,2
2026-03-26,1066,3
2026-03-27,1065,4
2026-03-28,1064,5
2026-03-29,1064,6
2026-03-30,1065,0
2026-03-31,1066,1
2026-04-01,1066,2
2026-04-02,1066,3
2026-04-03,1066,4
2026-04-04,1066,5
2026-04-05,1066,6
2026-04-06,1068,0
2026-04-07,1068,1
2026-04-08,1068,2
2026-04-09,1069,3
2026-04-10,1069,4
2026-04-11,1068,5
2026-04-12,1068,6
2026-04-13,1068,0
2026-04-14,1068,1
2026-04-15,1069,2
2026-04-16,1069,3
2026-04-17,1068,4
2026-04-18,1068,5
2026-04-19,1068,6
2026-04-20,1068,0
2026-04-21,1068,1
2026-04-22,1067,2
2026-04-23,1068,3
2026-04-24,1068,4
2026-04-25,1067,5
2026-04-26,1067,6
2026-04-27,1068,0
2026-04-28,1069,1
2026-04-29,1069,2
2026-04-30,1069,3
2026-05-01,1067,4
2026-05-02,1067,5
2026-05-03,1067,6
2026-05-04,1069,0
2026-05-05,1070,1
2026-05-06,1070,2
2026-05-07,1071,3
2026-05-08,1071,4
2026-05-09,1071,5
2026-05-10,1071,6
2026-05-11,1071,0
2026-05-12,1071,1
2026-05-13,1071,2
2026-05-14,1071,3
2026-05-15,1070,4
2026-05-16,1069,5
2026-05-17,1069,6
2026-05-18,1069,0
2026-05-19,1071,1
2026-05-20,1070,2
2026-05-21,1071,3
2026-05-22,1072,4
2026-05-23,1072,5
2026-05-24,1072,6
2026-05-25,1072,0
2026-05-26,1074,1
2026-05-27,1074,2
2026-05-28,1073,3
2026-05-29,1074,4
2026-05-30,1073,5
2026-05-31,1074,6
2026-06-01,1079,0
2026-06-02,1078,1
2026-06-03,1078,2
2026-06-04,1079,3
2026-06-05,1079,4
2026-06-06,1078,5
2026-06-07,1078,6
2026-06-08,1078,0
2026-06-09,1079,1
2026-06-10,1079,2
2026-06-11,1079,3
2026-06-12,1079,4
2026-06-13,1078,5
2026-06-14,1078,6
2026-06-15,1078,0
2026-06-16,1081,1
2026-06-17,1080,2
2026-06-18,1079,3
2026-06-19,1080,4
2026-06-20,1080,5
2026-06-21,1080,6
2026-06-22,1088,0
2026-06-23,1087,1
2026-06-24,1087,2
2026-06-25,1090,3
2026-06-26,1091,4
2026-06-27,1091,5
2026-06-28,1091,6
2026-06-29,1091,0
2026-06-30,1091,1
2026-07-01,1091,2
2026-07-02,1091,3
2026-07-03,1091,4
2026-07-04,1090,5
2026-07-05,1090,6
2026-07-06,1091,0
2026-07-07,1091,1
2026-07-08,1092,2
2026-07-09,1091,3
2026-07-10,1090,4
2026-07-11,1089,5
2026-07-12,1089,6
2026-07-13,1089,0
2026-07-14,1088,1
2026-07-15,1089,2
2026-07-16,1091,3
2026-07-17,1093,4
2026-07-18,1093,5
2026-07-19,1093,6
2026-07-20,1093,0
2026-07-21,1093,1
2026-07-22,1093,2
2026-07-23,1092,3
2026-07-24,1093,4
2026-07-25,1093,5
2026-07-26,1093,6
2026-07-27,1093,0
2026-07-28,1093,1
2026-07-29,1093,2
2026-07-30,1095,3
2026-07-31,1096,4
2026-08-01,1095,5
2026-08-02,1093,6
2026-08-03,1094,0
2026-08-04,1095,1
2026-08-05,1094,2
2026-08-06,1091,3
2026-08-07,1091,4
2026-08-08,1091,5
2026-08-09,1091,6
2026-08-10,1091,0
2026-08-11,1091,1
2026-08-12,1028,2
2026-08-13,1028,3
2026-08-14,1029,4
2026-08-15,1029,5
2026-08-16,1029,6
2026-08-17,1029,0
2026-08-18,1031,1
2026-08-19,1031,2
2026-08-20,1029,3
2026-08-21,1029,4
2026-08-22,1029,5
2026-08-23,1029,6
2026-08-24,1030,0
2026-08-25,1031,1
2026-08-26,1030,2
2026-08-27,1031,3
2026-08-28,1030,4
2026-08-29,1030,5
2026-08-30,1030,6
2026-08-31,1031,0
2026-09-01,1032,1
2026-09-02,1033,2
2026-09-03,1036,3
2026-09-04,1036,4
2026-09-05,1034,5
2026-09-06,1034,6
2026-09-07,1034,0
2026-09-08,1037,1
