head,cat,codes,clase,n_clases,nombre,first,last,years,n_obs,cal_days,missing_pct,n_gaps,max_gap_d,dups,vu_le0,vu_nan,zero_ret_bd_pct,jumps_gt15pct,vol_ann,ret_ann,maxdd,aum_bn,alive,handoff
53962,MIXTO,53962,800,4,FONDO DE INVERSION COLECTA ABIERTO CON PACTO DE PERMANE,2016-01-01,2026-09-08,10.7,3903,3904,0.03,1,2,0,0,0,0.0,0,0.7,8.0,-1.9,642.1,True,
3078,MIXTO,3078,800,1,FONDO DE INVERSIÓN COLECTIVA ABIERTO RENTA BALANCEADO,2016-01-01,2026-09-08,10.7,3901,3904,0.08,3,2,0,0,0,0.1,0,6.2,7.6,-20.3,276.8,True,
59078,MIXTO,59078,501,3,FONDO DE INVERSIÓN COLECTIVA DIVERSIFICADO MODERADO,2017-07-04,2026-09-08,9.2,3354,3354,0.0,0,1,0,0,0,0.0,0,5.5,5.2,-18.0,47.9,True,
93223,MIXTO,93223,800,2,CREDICORP CAPITAL BALANCEADO COLOMBIA,2020-06-27,2026-09-08,6.2,2265,2265,0.0,0,1,0,0,0,0.0,0,4.1,7.2,-10.0,33.2,True,
101366,MIXTO,101366,502,6,FONDO DE INVERSIÓN COLECTIVA ABIERTO CON PACTO DE PERMA,2021-11-08,2026-09-08,4.8,1766,1766,0.0,0,1,0,0,0,0.0,0,3.6,7.5,-5.8,16.9,True,
105784,MIXTO,105784,501,1,FIC MULTIESTRATEGIA EQUILIBRIO,2022-04-08,2026-09-08,4.4,1615,1615,0.0,0,1,0,0,0,0.7,0,4.6,11.3,-7.6,77.3,True,
113658,MIXTO,113658,501,1,FONDO DE INVERSION COLECTIVA DIVERSIFICADO CONSERVADOR,2023-07-07,2026-09-08,3.2,1160,1160,0.0,0,1,0,0,0,0.0,0,1.7,9.7,-2.0,62.2,True,
115127,MIXTO,115127,800,1,FIC ABIERTO ACCICUENTA MODERADO,2023-08-15,2026-09-08,3.1,1121,1121,0.0,0,1,0,0,0,0.0,0,3.0,12.9,-2.4,103.4,True,
2852,RF_CORTO,2852,800,1,FONDO DE INVERSIÓN COLECTIVA ABIERTO FIDUCUENTA,2016-01-01,2026-09-08,10.7,3901,3904,0.08,3,2,0,0,0,0.1,0,0.5,6.3,-0.8,26135.5,True,
58756,RF_CORTO,58756,800,9,CREDICORP CAPITAL ALTA LIQUIDEZ,2016-01-01,2026-09-08,10.7,3904,3904,0.0,0,1,0,0,0,0.0,0,0.5,6.0,-1.5,7787.0,True,
8734,RF_CORTO,8734,501,10,FONDO DE INVERSIÓN COLECTIVA ABIERTO BBVA EFECTIVO CON ,2016-01-01,2026-09-08,10.7,3903,3904,0.03,1,2,0,0,0,0.0,0,0.4,6.1,-1.0,6358.5,True,
129120,RF_CORTO,22969+129120,506,11,FONDO DE INVERSION COLECTIVA ABIERTO SUMAR,2016-01-01,2026-09-08,10.7,3903,3904,0.03,1,2,0,0,0,0.0,0,0.6,5.4,-1.3,6695.0,True,22969->129120: VU 39338.54@2025-12-31 -> 39346.56@2026-01-01; 
128956,RF_CORTO,9453+128956,800,11,FONDO DE INVERSIÓN COLECTIVA ABIERTO SIN PACTO DE PERMA,2016-01-01,2021-10-31,5.8,2128,2131,0.14,3,2,0,0,0,0.2,0,0.5,3.8,-1.4,4995.9,False,9453->128956: class 800 missing in one side; 
58347,RF_CORTO,58347,501,9,FIC INTERÉS,2017-07-04,2026-09-08,9.2,3354,3354,0.0,0,1,0,0,0,0.0,0,0.6,5.8,-1.8,4444.0,True,
11407,RF_CORTO,11407,518,7,CARTERA COLECTIVA ABIERTA DE ALTA LIQUIDEZ,2018-02-07,2026-09-08,8.6,3106,3136,0.96,1,31,0,0,0,1.0,0,0.5,6.4,-0.8,7471.8,True,
10779,RF_CORTO,10779,507,9,RENTAFACIL FONDO DE INVERSION COLECTIVA ABIERTO,2018-05-01,2026-09-08,8.4,3051,3053,0.07,1,3,0,0,0,0.1,0,0.5,5.8,-1.1,2371.6,True,
119133,RF_CORTO,10648+119133,505,9,FONDO DE INVERSION COLECTIVA ABIERTO ITAU MONEY MARKET,2018-07-01,2026-09-08,8.2,2992,2992,0.0,0,1,0,0,0,0.0,0,0.6,6.9,-1.1,1586.1,True,10648->119133: VU 3199.94@2024-02-29 -> 3201.61@2024-03-01; 
18462,RF_CORTO,18462,511,25,FONDO CASH CONSERVADOR ALIANZA 1525,2019-03-07,2026-09-08,7.5,2633,2743,4.01,1,111,0,0,0,4.0,0,0.6,7.1,-1.1,2770.0,True,
59304,RF_CORTO,59304,803,8,FONDO DE INVERSION COLECTIVA ABIERTO RENTA LIQUIDEZ,2020-10-21,2026-09-08,5.9,2149,2149,0.0,0,1,0,0,0,0.0,0,0.5,7.5,-0.4,6697.3,True,
128979,RF_LARGO,10659+128979,518,9,FONDO DE INVERSION COLECTIVA ABIERTO FIDUGOB,2016-01-01,2026-09-08,10.7,3903,3904,0.03,1,2,0,0,0,0.0,0,0.6,6.4,-1.3,5941.1,True,10659->128979: VU 23638.43@2025-12-31 -> 23643.86@2026-01-01; 
10824,RF_LARGO,10824,504,7,FONDO ABIERTO CON PACTO DE PERMANENCIA CXC,2016-01-01,2026-09-08,10.7,3902,3904,0.05,2,2,0,0,0,0.0,0,0.3,7.5,-0.5,5790.1,True,
2971,RF_LARGO,2971,501,5,FONDO DE INVERSION COLECTIVA ABIERTO CON PACTO DE PERMA,2016-01-01,2026-09-08,10.7,3901,3904,0.08,3,2,0,0,0,0.1,0,1.1,7.1,-3.2,1115.0,True,
3049,RF_LARGO,3049,800,1,FONDO DE INVERSION COLECTIVA ABIERTO CON PACTO DE PERMA,2016-01-01,2026-09-08,10.7,3901,3904,0.08,3,2,0,0,0,0.1,0,1.6,7.2,-5.3,709.1,True,
58883,RF_LARGO,58883,800,3,CREDICORP CAPITAL DEUDA CORPORATIVA,2016-01-01,2026-09-08,10.7,3902,3904,0.05,1,3,0,0,0,0.0,0,1.4,6.8,-4.7,521.4,True,
3814,RF_LARGO,3814,800,4,FONDO DE INVERSIÓN COLECTIVA ABIERTO RENTA FIJA PLAZO,2016-01-01,2024-03-10,8.2,2989,2992,0.1,3,2,0,0,0,0.1,0,3.8,6.6,-13.8,254.1,False,
58897,RF_LARGO,58897,800,4,CREDICORP CAPITAL RENTA FIJA COLOMBIA,2016-01-01,2024-11-18,8.9,3245,3245,0.0,0,1,0,0,0,0.0,0,3.4,6.7,-13.5,135.5,False,
59076,RF_LARGO,59076,501,4,FIC RENTA FIJA MEDIANO PLAZO MULTIESCALA,2017-07-04,2026-09-08,9.2,3354,3354,0.0,0,1,0,0,0,0.0,0,1.5,6.7,-4.8,262.5,True,
78886,RF_LARGO,78886,501,2,FONDO DE INVERSIÓN COLECTIVA RENTA FIJA LARGO PLAZO,2019-02-01,2026-09-08,7.6,2777,2777,0.0,0,1,0,0,0,0.0,0,2.9,6.3,-13.4,93.1,True,
63301,RF_LARGO,63301,803,4,FONDO DE INVERSION COLECTIVA ABIERTO RENTA ALTA CONVICC,2021-02-03,2026-09-08,5.6,2044,2044,0.0,0,1,0,0,0,0.0,0,13.9,12.3,-24.6,356.2,True,
59741,RF_LARGO,59741,803,3,FONDO DE INVERSION COLECTIVA ABIERTO RENTA FIJA PLUS,2021-02-03,2026-09-08,5.6,2044,2044,0.0,0,1,0,0,0,0.0,0,3.0,5.3,-5.0,94.3,True,
131893,RF_LARGO,118898+131893,800,1,FONDO BURSÁTIL GLOBAL X TES COLOMBIA COP GBI EM ID ETF,2024-03-19,2026-09-08,2.5,904,904,0.0,0,1,0,0,0,0.0,0,7.3,6.6,-7.1,65.2,True,118898->131893: VU 53629.03@2025-12-31 -> 53646.62@2026-01-01; 
58918,RV_INTL,58918,800,3,CREDICORP CAPITAL ACCIONES GLOBALES,2016-01-01,2026-09-08,10.7,3904,3904,0.0,0,1,0,0,0,0.0,0,14.7,8.3,-30.8,63.0,True,
3644,RV_INTL,3644,501,1,FONDO DE INVERSIÓN COLECTIVA ABIERTO RENTA ACCIONES LAT,2016-01-01,2026-09-08,10.7,3901,3904,0.08,3,2,7802,0,0,0.1,0,17.8,4.7,-44.6,61.3,True,
59079,RV_INTL,59079,501,5,FIC ACCIONES GLOBALES,2016-01-01,2026-09-08,10.7,3904,3904,0.0,0,1,0,0,0,0.0,0,15.8,1.1,-42.7,18.6,True,
69368,RV_INTL,69368,800,1,FONDO DE INVERSIÓN COLECTIVA ABIERTO CON PACTO DE PERMA,2017-04-24,2026-09-08,9.4,3424,3425,0.03,1,2,0,0,0,0.0,0,11.4,9.7,-28.5,59.4,True,
95589,RV_INTL,95589,803,7,FONDO DE INVERSION COLECTIVA CERRADO ASHMORE ACCIONES C,2020-12-01,2026-09-08,5.8,2080,2108,1.33,1,29,0,0,0,1.4,0,17.7,21.3,-28.1,3267.9,True,
59740,RV_INTL,59740,803,4,FONDO DE INVERSION COLECTIVA ABIERTO RENTA SOSTENIBLE G,2021-03-18,2026-09-08,5.5,2001,2001,0.0,0,1,0,0,0,0.0,0,12.1,2.4,-20.0,173.9,True,
99106,RV_INTL,99106,800,2,CREDICORP CAPITAL ACCIONES LATAM,2021-06-10,2026-09-08,5.2,1917,1917,0.0,0,1,0,0,0,0.0,0,18.6,1.2,-28.9,57.0,True,
123532,RV_INTL,123532,800,1,FONDO DE INVERSION COLECTIVA ACCIONES USA VOO,2025-01-16,2026-09-08,1.6,601,601,0.0,0,1,0,0,0,0.0,0,15.6,-5.4,-16.1,10.8,True,
60678,RV_LOCAL,60678,800,1,FONDO BURSÁTIL ISHARES MSCI COLCAP,2016-01-01,2026-09-08,10.7,3904,3904,0.0,0,1,0,0,0,6.5,1,18.4,7.3,-46.2,10261.3,True,
129433,RV_LOCAL,43502+129433,800,1,FONDO BURSÁTIL GLOBAL X COLOMBIA SELECT DE S&P,2016-01-01,2026-09-08,10.7,3903,3904,0.03,1,2,0,0,0,6.6,1,19.1,9.7,-47.8,3222.8,True,43502->129433: VU 22826.99@2025-12-31 -> 22826.99@2026-01-01; 
59105,RV_LOCAL,59105,800,5,CREDICORP CAPITAL ACCIONES COLOMBIA,2016-01-01,2026-09-08,10.7,3904,3904,0.0,0,1,0,0,0,0.0,0,18.2,13.9,-44.6,426.9,True,
58735,RV_LOCAL,58735,800,2,FONDO DE INVERSION COLECTIVA ABIERTO ACCIVAL ACCIONES D,2016-01-01,2026-09-08,10.7,3904,3904,0.0,0,1,0,0,0,0.0,0,16.9,10.5,-39.1,167.3,True,
11014,RV_LOCAL,11014,504,2,FONDO DE INVERSIÓN COLECTIVA ABIERTO SIN PACTO DE PERMA,2016-01-01,2021-08-22,5.6,2060,2061,0.05,1,2,0,0,0,0.1,0,0.6,3.7,-1.7,598.2,False,
67403,RV_LOCAL,67403,509,11,FONDO DE INVERSION COLECTIVA ABIERTO CON PACTO DE PERMA,2017-10-31,2026-09-08,8.9,3233,3235,0.06,2,2,0,0,0,0.0,0,18.7,11.7,-41.9,110.2,True,
119158,RV_LOCAL,85384+119158,800,2,FONDO DE INVERSION COLECTIVA ABIERTO ITAU ACCIONES COLO,2019-04-29,2026-09-08,7.4,2681,2690,0.33,6,5,0,0,0,0.3,0,19.5,13.0,-39.3,25.0,True,85384->119158: VU 11074.38@2024-02-29 -> 11208.62@2024-03-01; 
59738,RV_LOCAL,59738,803,5,FONDO DE INVERSION COLECTIVA ABIERTO RENTA VARIABLE COL,2020-08-25,2026-09-08,6.0,2206,2206,0.0,0,1,0,0,0,0.0,0,17.4,17.9,-32.9,312.2,True,
